-- Adminer 4.8.1 PostgreSQL 12.2 dump

--\connect "db_monitor";

DROP TABLE IF EXISTS "change_logs";
DROP SEQUENCE IF EXISTS change_logs_id_seq;
CREATE SEQUENCE change_logs_id_seq INCREMENT 1 MINVALUE 1 MAXVALUE 9223372036854775807 CACHE 1;

CREATE TABLE "public"."change_logs" (
    "id" bigint DEFAULT nextval('change_logs_id_seq') NOT NULL,
    "channel_id" bigint NOT NULL,
    "video_id" bigint NOT NULL,
    "log" character varying(255) NOT NULL,
    "created_at" timestamp(0),
    "updated_at" timestamp(0),
    CONSTRAINT "change_logs_pkey" PRIMARY KEY ("id")
) WITH (oids = false);

CREATE INDEX "change_logs_channel_id_index" ON "public"."change_logs" USING btree ("channel_id");

CREATE INDEX "change_logs_video_id_index" ON "public"."change_logs" USING btree ("video_id");

TRUNCATE "change_logs";

DROP TABLE IF EXISTS "channels";
DROP SEQUENCE IF EXISTS channels_id_seq;
CREATE SEQUENCE channels_id_seq INCREMENT 1 MINVALUE 1 MAXVALUE 9223372036854775807 CACHE 1;

CREATE TABLE "public"."channels" (
    "id" bigint DEFAULT nextval('channels_id_seq') NOT NULL,
    "title" character varying(255),
    "url" character varying(255) NOT NULL,
    "channel_id" character varying(255),
    "description" text,
    "published_at" timestamp(0),
    "count_views" integer,
    "count_subscribers" integer,
    "status" smallint DEFAULT '1' NOT NULL,
    "created_at" timestamp(0),
    "updated_at" timestamp(0),
    CONSTRAINT "channels_pkey" PRIMARY KEY ("id")
) WITH (oids = false);

TRUNCATE "channels";
INSERT INTO "channels" ("id", "title", "url", "channel_id", "description", "published_at", "count_views", "count_subscribers", "status", "created_at", "updated_at") VALUES
(1,	'Cute animals',	'https://www.youtube.com/c/CuteanimalsDog',	'UC2NE5xoN-6_BoS0Zl9PoCcg',	NULL,	NULL,	NULL,	NULL,	1,	NULL,	'2021-10-31 10:20:54'),
(2,	'For children',	'https://www.youtube.com/channel/UCZnkDta6T_VYdOhms5Rtcyg',	'UCZnkDta6T_VYdOhms5Rtcyg',	NULL,	NULL,	NULL,	NULL,	1,	NULL,	'2021-11-04 21:00:13'),
(3,	'Easy Kids Drawing',	'https://www.youtube.com/channel/UCS8nHBEMpPeaDcj6roORccg',	'UCS8nHBEMpPeaDcj6roORccg',	NULL,	NULL,	NULL,	NULL,	1,	NULL,	'2021-11-05 17:01:43');

DROP TABLE IF EXISTS "history_data_channels";
DROP SEQUENCE IF EXISTS history_data_channels_id_seq;
CREATE SEQUENCE history_data_channels_id_seq INCREMENT 1 MINVALUE 1 MAXVALUE 9223372036854775807 CACHE 1;

CREATE TABLE "public"."history_data_channels" (
    "id" bigint DEFAULT nextval('history_data_channels_id_seq') NOT NULL,
    "channel_id" bigint NOT NULL,
    "views" integer NOT NULL,
    "created_at" timestamp(0),
    "updated_at" timestamp(0),
    CONSTRAINT "history_data_channels_pkey" PRIMARY KEY ("id")
) WITH (oids = false);

CREATE INDEX "history_data_channels_channel_id_index" ON "public"."history_data_channels" USING btree ("channel_id");

TRUNCATE "history_data_channels";
INSERT INTO "history_data_channels" ("id", "channel_id", "views", "created_at", "updated_at") VALUES
(1,	1,	72018,	'2021-11-03 20:45:02',	'2021-11-03 20:45:02'),
(2,	1,	71832,	'2021-11-03 21:25:33',	'2021-11-03 21:25:33'),
(3,	1,	72120,	'2021-11-04 12:00:14',	'2021-11-04 12:00:14'),
(4,	1,	72120,	'2021-11-04 18:00:15',	'2021-11-04 18:00:15'),
(5,	1,	72120,	'2021-11-05 00:00:14',	'2021-11-05 00:00:14'),
(6,	2,	12138843,	'2021-11-05 00:00:14',	'2021-11-05 00:00:14'),
(7,	3,	193623717,	'2021-11-05 00:00:14',	'2021-11-05 00:00:14'),
(8,	1,	72120,	'2021-11-05 06:00:14',	'2021-11-05 06:00:14'),
(9,	2,	12138843,	'2021-11-05 06:00:14',	'2021-11-05 06:00:14'),
(10,	3,	193623717,	'2021-11-05 06:00:15',	'2021-11-05 06:00:15'),
(11,	1,	72290,	'2021-11-05 12:00:14',	'2021-11-05 12:00:14'),
(12,	2,	32533950,	'2021-11-05 12:00:14',	'2021-11-05 12:00:14'),
(13,	3,	195046326,	'2021-11-05 12:00:14',	'2021-11-05 12:00:14'),
(14,	1,	72290,	'2021-11-05 18:00:31',	'2021-11-05 18:00:31'),
(15,	2,	32533950,	'2021-11-05 18:00:31',	'2021-11-05 18:00:31'),
(16,	3,	195046326,	'2021-11-05 18:00:31',	'2021-11-05 18:00:31');

DROP TABLE IF EXISTS "history_data_videos";
DROP SEQUENCE IF EXISTS history_data_videos_id_seq;
CREATE SEQUENCE history_data_videos_id_seq INCREMENT 1 MINVALUE 1 MAXVALUE 9223372036854775807 CACHE 1;

CREATE TABLE "public"."history_data_videos" (
    "id" bigint DEFAULT nextval('history_data_videos_id_seq') NOT NULL,
    "video_id" bigint NOT NULL,
    "channel_id" bigint NOT NULL,
    "views" integer NOT NULL,
    "likes" integer NOT NULL,
    "dis_likes" integer NOT NULL,
    "average_rating" numeric(8,2),
    "created_at" timestamp(0),
    "updated_at" timestamp(0),
    CONSTRAINT "history_data_videos_pkey" PRIMARY KEY ("id")
) WITH (oids = false);

CREATE INDEX "history_data_videos_channel_id_index" ON "public"."history_data_videos" USING btree ("channel_id");

CREATE INDEX "history_data_videos_video_id_index" ON "public"."history_data_videos" USING btree ("video_id");

TRUNCATE "history_data_videos";
INSERT INTO "history_data_videos" ("id", "video_id", "channel_id", "views", "likes", "dis_likes", "average_rating", "created_at", "updated_at") VALUES
(256,	1,	1,	20,	2,	0,	5.00,	'2021-11-04 11:00:02',	'2021-11-04 11:00:02'),
(257,	2,	1,	33,	2,	0,	5.00,	'2021-11-04 11:00:03',	'2021-11-04 11:00:03'),
(258,	3,	1,	22,	2,	0,	5.00,	'2021-11-04 11:00:03',	'2021-11-04 11:00:03'),
(259,	4,	1,	19,	4,	1,	4.20,	'2021-11-04 11:00:04',	'2021-11-04 11:00:04'),
(260,	5,	1,	15,	2,	0,	5.00,	'2021-11-04 11:00:04',	'2021-11-04 11:00:04'),
(261,	6,	1,	19,	2,	0,	5.00,	'2021-11-04 11:00:05',	'2021-11-04 11:00:05'),
(262,	7,	1,	18,	1,	0,	5.00,	'2021-11-04 11:00:06',	'2021-11-04 11:00:06'),
(263,	8,	1,	32,	1,	0,	5.00,	'2021-11-04 11:00:06',	'2021-11-04 11:00:06'),
(264,	9,	1,	28,	2,	0,	5.00,	'2021-11-04 11:00:07',	'2021-11-04 11:00:07'),
(265,	10,	1,	65,	2,	0,	5.00,	'2021-11-04 11:00:08',	'2021-11-04 11:00:08'),
(266,	11,	1,	235,	2,	0,	5.00,	'2021-11-04 11:00:08',	'2021-11-04 11:00:08'),
(267,	12,	1,	25,	2,	0,	5.00,	'2021-11-04 11:00:09',	'2021-11-04 11:00:09'),
(268,	13,	1,	39,	1,	0,	5.00,	'2021-11-04 11:00:09',	'2021-11-04 11:00:09'),
(269,	14,	1,	103,	2,	0,	5.00,	'2021-11-04 11:00:10',	'2021-11-04 11:00:10'),
(270,	15,	1,	215,	5,	1,	4.33,	'2021-11-04 11:00:10',	'2021-11-04 11:00:10'),
(271,	1,	1,	20,	2,	0,	5.00,	'2021-11-04 11:30:02',	'2021-11-04 11:30:02'),
(272,	2,	1,	33,	2,	0,	5.00,	'2021-11-04 11:30:03',	'2021-11-04 11:30:03'),
(273,	3,	1,	22,	2,	0,	5.00,	'2021-11-04 11:30:03',	'2021-11-04 11:30:03'),
(274,	4,	1,	19,	4,	1,	4.20,	'2021-11-04 11:30:04',	'2021-11-04 11:30:04'),
(275,	5,	1,	15,	2,	0,	5.00,	'2021-11-04 11:30:05',	'2021-11-04 11:30:05'),
(276,	6,	1,	19,	2,	0,	5.00,	'2021-11-04 11:30:05',	'2021-11-04 11:30:05'),
(277,	7,	1,	18,	1,	0,	5.00,	'2021-11-04 11:30:06',	'2021-11-04 11:30:06'),
(278,	8,	1,	32,	1,	0,	5.00,	'2021-11-04 11:30:06',	'2021-11-04 11:30:06'),
(279,	9,	1,	28,	2,	0,	5.00,	'2021-11-04 11:30:07',	'2021-11-04 11:30:07'),
(280,	10,	1,	65,	2,	0,	5.00,	'2021-11-04 11:30:07',	'2021-11-04 11:30:07'),
(281,	11,	1,	235,	2,	0,	5.00,	'2021-11-04 11:30:08',	'2021-11-04 11:30:08'),
(282,	12,	1,	25,	2,	0,	5.00,	'2021-11-04 11:30:09',	'2021-11-04 11:30:09'),
(283,	13,	1,	39,	1,	0,	5.00,	'2021-11-04 11:30:09',	'2021-11-04 11:30:09'),
(284,	14,	1,	103,	2,	0,	5.00,	'2021-11-04 11:30:10',	'2021-11-04 11:30:10'),
(285,	15,	1,	215,	5,	1,	4.33,	'2021-11-04 11:30:10',	'2021-11-04 11:30:10'),
(286,	16,	1,	1,	1,	0,	5.00,	'2021-11-04 11:30:11',	'2021-11-04 11:30:11'),
(287,	17,	1,	16,	2,	0,	5.00,	'2021-11-04 11:30:12',	'2021-11-04 11:30:12'),
(288,	18,	1,	37,	2,	1,	3.67,	'2021-11-04 11:30:12',	'2021-11-04 11:30:12'),
(289,	1,	1,	20,	2,	0,	5.00,	'2021-11-04 12:00:03',	'2021-11-04 12:00:03'),
(290,	2,	1,	33,	2,	0,	5.00,	'2021-11-04 12:00:04',	'2021-11-04 12:00:04'),
(291,	3,	1,	22,	2,	0,	5.00,	'2021-11-04 12:00:04',	'2021-11-04 12:00:04'),
(292,	4,	1,	19,	4,	1,	4.20,	'2021-11-04 12:00:05',	'2021-11-04 12:00:05'),
(293,	5,	1,	15,	2,	0,	5.00,	'2021-11-04 12:00:05',	'2021-11-04 12:00:05'),
(294,	6,	1,	19,	2,	0,	5.00,	'2021-11-04 12:00:06',	'2021-11-04 12:00:06'),
(295,	7,	1,	18,	1,	0,	5.00,	'2021-11-04 12:00:07',	'2021-11-04 12:00:07'),
(296,	8,	1,	32,	1,	0,	5.00,	'2021-11-04 12:00:07',	'2021-11-04 12:00:07'),
(297,	9,	1,	28,	2,	0,	5.00,	'2021-11-04 12:00:08',	'2021-11-04 12:00:08'),
(298,	10,	1,	65,	2,	0,	5.00,	'2021-11-04 12:00:08',	'2021-11-04 12:00:08'),
(299,	11,	1,	235,	2,	0,	5.00,	'2021-11-04 12:00:09',	'2021-11-04 12:00:09'),
(300,	12,	1,	25,	2,	0,	5.00,	'2021-11-04 12:00:10',	'2021-11-04 12:00:10'),
(301,	13,	1,	39,	1,	0,	5.00,	'2021-11-04 12:00:10',	'2021-11-04 12:00:10'),
(302,	14,	1,	103,	2,	0,	5.00,	'2021-11-04 12:00:11',	'2021-11-04 12:00:11'),
(303,	15,	1,	215,	5,	1,	4.33,	'2021-11-04 12:00:11',	'2021-11-04 12:00:11'),
(304,	16,	1,	1,	1,	0,	5.00,	'2021-11-04 12:00:12',	'2021-11-04 12:00:12'),
(305,	17,	1,	16,	2,	0,	5.00,	'2021-11-04 12:00:12',	'2021-11-04 12:00:12'),
(306,	18,	1,	37,	2,	1,	3.67,	'2021-11-04 12:00:13',	'2021-11-04 12:00:13'),
(307,	1,	1,	20,	2,	0,	5.00,	'2021-11-04 12:30:03',	'2021-11-04 12:30:03'),
(308,	2,	1,	33,	2,	0,	5.00,	'2021-11-04 12:30:04',	'2021-11-04 12:30:04'),
(309,	3,	1,	22,	2,	0,	5.00,	'2021-11-04 12:30:04',	'2021-11-04 12:30:04'),
(310,	4,	1,	19,	4,	1,	4.20,	'2021-11-04 12:30:05',	'2021-11-04 12:30:05'),
(311,	5,	1,	15,	2,	0,	5.00,	'2021-11-04 12:30:05',	'2021-11-04 12:30:05'),
(312,	6,	1,	19,	2,	0,	5.00,	'2021-11-04 12:30:06',	'2021-11-04 12:30:06'),
(313,	7,	1,	18,	1,	0,	5.00,	'2021-11-04 12:30:06',	'2021-11-04 12:30:06'),
(314,	8,	1,	32,	1,	0,	5.00,	'2021-11-04 12:30:07',	'2021-11-04 12:30:07'),
(315,	9,	1,	28,	2,	0,	5.00,	'2021-11-04 12:30:08',	'2021-11-04 12:30:08'),
(316,	10,	1,	65,	2,	0,	5.00,	'2021-11-04 12:30:08',	'2021-11-04 12:30:08'),
(317,	11,	1,	235,	2,	0,	5.00,	'2021-11-04 12:30:09',	'2021-11-04 12:30:09'),
(318,	12,	1,	25,	2,	0,	5.00,	'2021-11-04 12:30:09',	'2021-11-04 12:30:09'),
(319,	13,	1,	39,	1,	0,	5.00,	'2021-11-04 12:30:10',	'2021-11-04 12:30:10'),
(320,	14,	1,	106,	2,	0,	5.00,	'2021-11-04 12:30:11',	'2021-11-04 12:30:11'),
(321,	15,	1,	215,	5,	1,	4.33,	'2021-11-04 12:30:11',	'2021-11-04 12:30:11'),
(322,	16,	1,	13,	2,	0,	5.00,	'2021-11-04 12:30:12',	'2021-11-04 12:30:12'),
(323,	17,	1,	16,	2,	0,	5.00,	'2021-11-04 12:30:12',	'2021-11-04 12:30:12'),
(324,	18,	1,	37,	2,	1,	3.67,	'2021-11-04 12:30:13',	'2021-11-04 12:30:13'),
(325,	1,	1,	20,	2,	0,	5.00,	'2021-11-04 13:00:02',	'2021-11-04 13:00:02'),
(326,	2,	1,	33,	2,	0,	5.00,	'2021-11-04 13:00:03',	'2021-11-04 13:00:03'),
(327,	3,	1,	22,	2,	0,	5.00,	'2021-11-04 13:00:04',	'2021-11-04 13:00:04'),
(328,	4,	1,	19,	4,	1,	4.20,	'2021-11-04 13:00:04',	'2021-11-04 13:00:04'),
(329,	5,	1,	15,	2,	0,	5.00,	'2021-11-04 13:00:05',	'2021-11-04 13:00:05'),
(330,	6,	1,	19,	2,	0,	5.00,	'2021-11-04 13:00:06',	'2021-11-04 13:00:06'),
(331,	7,	1,	18,	1,	0,	5.00,	'2021-11-04 13:00:06',	'2021-11-04 13:00:06'),
(332,	8,	1,	32,	1,	0,	5.00,	'2021-11-04 13:00:07',	'2021-11-04 13:00:07'),
(333,	9,	1,	28,	2,	0,	5.00,	'2021-11-04 13:00:08',	'2021-11-04 13:00:08'),
(334,	10,	1,	65,	2,	0,	5.00,	'2021-11-04 13:00:08',	'2021-11-04 13:00:08'),
(335,	11,	1,	235,	2,	0,	5.00,	'2021-11-04 13:00:09',	'2021-11-04 13:00:09'),
(336,	12,	1,	26,	2,	0,	5.00,	'2021-11-04 13:00:09',	'2021-11-04 13:00:09'),
(337,	13,	1,	39,	1,	0,	5.00,	'2021-11-04 13:00:10',	'2021-11-04 13:00:10'),
(338,	14,	1,	106,	2,	0,	5.00,	'2021-11-04 13:00:10',	'2021-11-04 13:00:10'),
(339,	15,	1,	215,	5,	1,	4.33,	'2021-11-04 13:00:11',	'2021-11-04 13:00:11'),
(340,	16,	1,	13,	2,	0,	5.00,	'2021-11-04 13:00:12',	'2021-11-04 13:00:12'),
(341,	17,	1,	16,	2,	0,	5.00,	'2021-11-04 13:00:12',	'2021-11-04 13:00:12'),
(342,	18,	1,	37,	2,	1,	3.67,	'2021-11-04 13:00:13',	'2021-11-04 13:00:13'),
(343,	1,	1,	20,	2,	0,	5.00,	'2021-11-04 13:30:03',	'2021-11-04 13:30:03'),
(344,	2,	1,	33,	2,	0,	5.00,	'2021-11-04 13:30:04',	'2021-11-04 13:30:04'),
(345,	3,	1,	22,	2,	0,	5.00,	'2021-11-04 13:30:04',	'2021-11-04 13:30:04'),
(346,	4,	1,	19,	4,	1,	4.20,	'2021-11-04 13:30:05',	'2021-11-04 13:30:05'),
(347,	5,	1,	15,	2,	0,	5.00,	'2021-11-04 13:30:05',	'2021-11-04 13:30:05'),
(348,	6,	1,	19,	2,	0,	5.00,	'2021-11-04 13:30:06',	'2021-11-04 13:30:06'),
(349,	7,	1,	18,	1,	0,	5.00,	'2021-11-04 13:30:07',	'2021-11-04 13:30:07'),
(350,	8,	1,	32,	1,	0,	5.00,	'2021-11-04 13:30:07',	'2021-11-04 13:30:07'),
(351,	9,	1,	28,	2,	0,	5.00,	'2021-11-04 13:30:08',	'2021-11-04 13:30:08'),
(352,	10,	1,	66,	2,	0,	5.00,	'2021-11-04 13:30:08',	'2021-11-04 13:30:08'),
(353,	11,	1,	235,	2,	0,	5.00,	'2021-11-04 13:30:09',	'2021-11-04 13:30:09'),
(354,	12,	1,	25,	2,	0,	5.00,	'2021-11-04 13:30:10',	'2021-11-04 13:30:10'),
(355,	13,	1,	39,	1,	0,	5.00,	'2021-11-04 13:30:10',	'2021-11-04 13:30:10'),
(356,	14,	1,	103,	2,	0,	5.00,	'2021-11-04 13:30:11',	'2021-11-04 13:30:11'),
(357,	15,	1,	215,	5,	1,	4.33,	'2021-11-04 13:30:11',	'2021-11-04 13:30:11'),
(358,	16,	1,	13,	2,	0,	5.00,	'2021-11-04 13:30:12',	'2021-11-04 13:30:12'),
(359,	17,	1,	16,	2,	0,	5.00,	'2021-11-04 13:30:12',	'2021-11-04 13:30:12'),
(360,	18,	1,	37,	2,	1,	3.67,	'2021-11-04 13:30:13',	'2021-11-04 13:30:13'),
(361,	1,	1,	20,	2,	0,	5.00,	'2021-11-04 14:00:03',	'2021-11-04 14:00:03'),
(362,	2,	1,	33,	2,	0,	5.00,	'2021-11-04 14:00:03',	'2021-11-04 14:00:03'),
(363,	3,	1,	22,	2,	0,	5.00,	'2021-11-04 14:00:04',	'2021-11-04 14:00:04'),
(364,	4,	1,	19,	4,	1,	4.20,	'2021-11-04 14:00:04',	'2021-11-04 14:00:04'),
(365,	5,	1,	16,	2,	0,	5.00,	'2021-11-04 14:00:05',	'2021-11-04 14:00:05'),
(366,	6,	1,	19,	2,	0,	5.00,	'2021-11-04 14:00:06',	'2021-11-04 14:00:06'),
(367,	7,	1,	18,	1,	0,	5.00,	'2021-11-04 14:00:06',	'2021-11-04 14:00:06'),
(368,	8,	1,	32,	1,	0,	5.00,	'2021-11-04 14:00:07',	'2021-11-04 14:00:07'),
(369,	9,	1,	28,	2,	0,	5.00,	'2021-11-04 14:00:08',	'2021-11-04 14:00:08'),
(370,	10,	1,	65,	2,	0,	5.00,	'2021-11-04 14:00:08',	'2021-11-04 14:00:08'),
(371,	11,	1,	237,	2,	0,	5.00,	'2021-11-04 14:00:09',	'2021-11-04 14:00:09'),
(372,	12,	1,	26,	2,	0,	5.00,	'2021-11-04 14:00:10',	'2021-11-04 14:00:10'),
(373,	13,	1,	39,	1,	0,	5.00,	'2021-11-04 14:00:10',	'2021-11-04 14:00:10'),
(374,	14,	1,	106,	2,	0,	5.00,	'2021-11-04 14:00:11',	'2021-11-04 14:00:11'),
(375,	15,	1,	215,	5,	1,	4.33,	'2021-11-04 14:00:12',	'2021-11-04 14:00:12'),
(376,	16,	1,	13,	2,	0,	5.00,	'2021-11-04 14:00:12',	'2021-11-04 14:00:12'),
(377,	17,	1,	16,	2,	0,	5.00,	'2021-11-04 14:00:13',	'2021-11-04 14:00:13'),
(378,	18,	1,	37,	2,	1,	3.67,	'2021-11-04 14:00:13',	'2021-11-04 14:00:13'),
(379,	1,	1,	20,	2,	0,	5.00,	'2021-11-04 14:30:02',	'2021-11-04 14:30:02'),
(380,	2,	1,	33,	2,	0,	5.00,	'2021-11-04 14:30:03',	'2021-11-04 14:30:03'),
(381,	3,	1,	22,	2,	0,	5.00,	'2021-11-04 14:30:03',	'2021-11-04 14:30:03'),
(382,	4,	1,	19,	4,	1,	4.20,	'2021-11-04 14:30:04',	'2021-11-04 14:30:04'),
(383,	5,	1,	15,	2,	0,	5.00,	'2021-11-04 14:30:04',	'2021-11-04 14:30:04'),
(384,	6,	1,	19,	2,	0,	5.00,	'2021-11-04 14:30:05',	'2021-11-04 14:30:05'),
(385,	7,	1,	18,	1,	0,	5.00,	'2021-11-04 14:30:06',	'2021-11-04 14:30:06'),
(386,	8,	1,	32,	1,	0,	5.00,	'2021-11-04 14:30:07',	'2021-11-04 14:30:07'),
(387,	9,	1,	29,	2,	0,	5.00,	'2021-11-04 14:30:07',	'2021-11-04 14:30:07'),
(388,	10,	1,	66,	2,	0,	5.00,	'2021-11-04 14:30:08',	'2021-11-04 14:30:08'),
(389,	11,	1,	237,	2,	0,	5.00,	'2021-11-04 14:30:08',	'2021-11-04 14:30:08'),
(390,	12,	1,	26,	2,	0,	5.00,	'2021-11-04 14:30:09',	'2021-11-04 14:30:09'),
(391,	13,	1,	39,	1,	0,	5.00,	'2021-11-04 14:30:10',	'2021-11-04 14:30:10'),
(392,	14,	1,	106,	2,	0,	5.00,	'2021-11-04 14:30:11',	'2021-11-04 14:30:11'),
(393,	15,	1,	215,	5,	1,	4.33,	'2021-11-04 14:30:11',	'2021-11-04 14:30:11'),
(394,	16,	1,	13,	2,	0,	5.00,	'2021-11-04 14:30:12',	'2021-11-04 14:30:12'),
(395,	17,	1,	16,	2,	0,	5.00,	'2021-11-04 14:30:12',	'2021-11-04 14:30:12'),
(396,	18,	1,	37,	2,	1,	3.67,	'2021-11-04 14:30:13',	'2021-11-04 14:30:13'),
(397,	1,	1,	20,	2,	0,	5.00,	'2021-11-04 15:00:02',	'2021-11-04 15:00:02'),
(398,	2,	1,	33,	2,	0,	5.00,	'2021-11-04 15:00:02',	'2021-11-04 15:00:02'),
(399,	3,	1,	22,	2,	0,	5.00,	'2021-11-04 15:00:03',	'2021-11-04 15:00:03'),
(400,	4,	1,	19,	4,	1,	4.20,	'2021-11-04 15:00:04',	'2021-11-04 15:00:04'),
(401,	5,	1,	16,	2,	0,	5.00,	'2021-11-04 15:00:04',	'2021-11-04 15:00:04'),
(402,	6,	1,	19,	2,	0,	5.00,	'2021-11-04 15:00:05',	'2021-11-04 15:00:05'),
(403,	7,	1,	18,	1,	0,	5.00,	'2021-11-04 15:00:05',	'2021-11-04 15:00:05'),
(404,	8,	1,	33,	1,	0,	5.00,	'2021-11-04 15:00:06',	'2021-11-04 15:00:06'),
(405,	9,	1,	29,	2,	0,	5.00,	'2021-11-04 15:00:07',	'2021-11-04 15:00:07'),
(406,	10,	1,	66,	2,	0,	5.00,	'2021-11-04 15:00:07',	'2021-11-04 15:00:07'),
(407,	11,	1,	237,	2,	0,	5.00,	'2021-11-04 15:00:08',	'2021-11-04 15:00:08'),
(408,	12,	1,	27,	2,	0,	5.00,	'2021-11-04 15:00:09',	'2021-11-04 15:00:09'),
(409,	13,	1,	40,	1,	0,	5.00,	'2021-11-04 15:00:09',	'2021-11-04 15:00:09'),
(410,	14,	1,	106,	2,	0,	5.00,	'2021-11-04 15:00:10',	'2021-11-04 15:00:10'),
(411,	15,	1,	215,	5,	1,	4.33,	'2021-11-04 15:00:10',	'2021-11-04 15:00:10'),
(412,	16,	1,	13,	2,	0,	5.00,	'2021-11-04 15:00:11',	'2021-11-04 15:00:11'),
(413,	17,	1,	16,	2,	0,	5.00,	'2021-11-04 15:00:11',	'2021-11-04 15:00:11'),
(414,	18,	1,	37,	2,	1,	3.67,	'2021-11-04 15:00:12',	'2021-11-04 15:00:12'),
(415,	1,	1,	20,	2,	0,	5.00,	'2021-11-04 15:30:03',	'2021-11-04 15:30:03'),
(416,	2,	1,	33,	2,	0,	5.00,	'2021-11-04 15:30:03',	'2021-11-04 15:30:03'),
(417,	3,	1,	22,	2,	0,	5.00,	'2021-11-04 15:30:04',	'2021-11-04 15:30:04'),
(418,	4,	1,	19,	4,	1,	4.20,	'2021-11-04 15:30:04',	'2021-11-04 15:30:04'),
(419,	5,	1,	16,	2,	0,	5.00,	'2021-11-04 15:30:05',	'2021-11-04 15:30:05'),
(420,	6,	1,	19,	2,	0,	5.00,	'2021-11-04 15:30:06',	'2021-11-04 15:30:06'),
(421,	7,	1,	18,	1,	0,	5.00,	'2021-11-04 15:30:06',	'2021-11-04 15:30:06'),
(422,	8,	1,	33,	1,	0,	5.00,	'2021-11-04 15:30:07',	'2021-11-04 15:30:07'),
(423,	9,	1,	29,	2,	0,	5.00,	'2021-11-04 15:30:07',	'2021-11-04 15:30:07'),
(424,	10,	1,	66,	2,	0,	5.00,	'2021-11-04 15:30:08',	'2021-11-04 15:30:08'),
(425,	11,	1,	238,	2,	0,	5.00,	'2021-11-04 15:30:08',	'2021-11-04 15:30:08'),
(426,	12,	1,	27,	2,	0,	5.00,	'2021-11-04 15:30:09',	'2021-11-04 15:30:09'),
(427,	13,	1,	40,	1,	0,	5.00,	'2021-11-04 15:30:10',	'2021-11-04 15:30:10'),
(428,	14,	1,	106,	2,	0,	5.00,	'2021-11-04 15:30:10',	'2021-11-04 15:30:10'),
(429,	15,	1,	215,	5,	1,	4.33,	'2021-11-04 15:30:11',	'2021-11-04 15:30:11'),
(430,	16,	1,	44,	2,	0,	5.00,	'2021-11-04 15:30:11',	'2021-11-04 15:30:11'),
(431,	17,	1,	16,	2,	0,	5.00,	'2021-11-04 15:30:12',	'2021-11-04 15:30:12'),
(432,	18,	1,	37,	2,	1,	3.67,	'2021-11-04 15:30:13',	'2021-11-04 15:30:13'),
(433,	1,	1,	20,	2,	0,	5.00,	'2021-11-04 16:00:02',	'2021-11-04 16:00:02'),
(434,	2,	1,	33,	2,	0,	5.00,	'2021-11-04 16:00:03',	'2021-11-04 16:00:03'),
(435,	3,	1,	22,	2,	0,	5.00,	'2021-11-04 16:00:03',	'2021-11-04 16:00:03'),
(436,	4,	1,	19,	4,	1,	4.20,	'2021-11-04 16:00:04',	'2021-11-04 16:00:04'),
(437,	5,	1,	16,	2,	0,	5.00,	'2021-11-04 16:00:05',	'2021-11-04 16:00:05'),
(438,	6,	1,	19,	2,	0,	5.00,	'2021-11-04 16:00:05',	'2021-11-04 16:00:05'),
(439,	7,	1,	18,	1,	0,	5.00,	'2021-11-04 16:00:06',	'2021-11-04 16:00:06'),
(440,	8,	1,	32,	1,	0,	5.00,	'2021-11-04 16:00:06',	'2021-11-04 16:00:06'),
(441,	9,	1,	29,	2,	0,	5.00,	'2021-11-04 16:00:07',	'2021-11-04 16:00:07'),
(442,	10,	1,	66,	2,	0,	5.00,	'2021-11-04 16:00:07',	'2021-11-04 16:00:07'),
(443,	11,	1,	237,	2,	0,	5.00,	'2021-11-04 16:00:08',	'2021-11-04 16:00:08'),
(444,	12,	1,	27,	2,	0,	5.00,	'2021-11-04 16:00:08',	'2021-11-04 16:00:08'),
(445,	13,	1,	40,	1,	0,	5.00,	'2021-11-04 16:00:09',	'2021-11-04 16:00:09'),
(446,	14,	1,	106,	2,	0,	5.00,	'2021-11-04 16:00:09',	'2021-11-04 16:00:09'),
(447,	15,	1,	215,	5,	1,	4.33,	'2021-11-04 16:00:10',	'2021-11-04 16:00:10'),
(448,	16,	1,	44,	2,	0,	5.00,	'2021-11-04 16:00:10',	'2021-11-04 16:00:10'),
(449,	17,	1,	16,	2,	0,	5.00,	'2021-11-04 16:00:11',	'2021-11-04 16:00:11'),
(450,	18,	1,	37,	2,	1,	3.67,	'2021-11-04 16:00:12',	'2021-11-04 16:00:12'),
(451,	1,	1,	21,	2,	0,	5.00,	'2021-11-04 16:30:02',	'2021-11-04 16:30:02'),
(452,	2,	1,	33,	2,	0,	5.00,	'2021-11-04 16:30:03',	'2021-11-04 16:30:03'),
(453,	3,	1,	22,	2,	0,	5.00,	'2021-11-04 16:30:04',	'2021-11-04 16:30:04'),
(454,	4,	1,	19,	4,	1,	4.20,	'2021-11-04 16:30:04',	'2021-11-04 16:30:04'),
(455,	5,	1,	16,	2,	0,	5.00,	'2021-11-04 16:30:05',	'2021-11-04 16:30:05'),
(456,	6,	1,	20,	2,	0,	5.00,	'2021-11-04 16:30:05',	'2021-11-04 16:30:05'),
(457,	7,	1,	18,	1,	0,	5.00,	'2021-11-04 16:30:06',	'2021-11-04 16:30:06'),
(458,	8,	1,	33,	1,	0,	5.00,	'2021-11-04 16:30:07',	'2021-11-04 16:30:07'),
(459,	9,	1,	29,	2,	0,	5.00,	'2021-11-04 16:30:07',	'2021-11-04 16:30:07'),
(460,	10,	1,	66,	2,	0,	5.00,	'2021-11-04 16:30:08',	'2021-11-04 16:30:08'),
(461,	11,	1,	237,	2,	0,	5.00,	'2021-11-04 16:30:08',	'2021-11-04 16:30:08'),
(462,	12,	1,	27,	2,	0,	5.00,	'2021-11-04 16:30:09',	'2021-11-04 16:30:09'),
(463,	13,	1,	40,	1,	0,	5.00,	'2021-11-04 16:30:09',	'2021-11-04 16:30:09'),
(464,	14,	1,	106,	2,	0,	5.00,	'2021-11-04 16:30:10',	'2021-11-04 16:30:10'),
(465,	15,	1,	215,	5,	1,	4.33,	'2021-11-04 16:30:11',	'2021-11-04 16:30:11'),
(466,	16,	1,	49,	2,	0,	5.00,	'2021-11-04 16:30:11',	'2021-11-04 16:30:11'),
(467,	17,	1,	16,	2,	0,	5.00,	'2021-11-04 16:30:12',	'2021-11-04 16:30:12'),
(468,	18,	1,	37,	2,	1,	3.67,	'2021-11-04 16:30:12',	'2021-11-04 16:30:12'),
(469,	1,	1,	21,	2,	0,	5.00,	'2021-11-04 17:00:03',	'2021-11-04 17:00:03'),
(470,	2,	1,	33,	2,	0,	5.00,	'2021-11-04 17:00:04',	'2021-11-04 17:00:04'),
(471,	3,	1,	22,	2,	0,	5.00,	'2021-11-04 17:00:05',	'2021-11-04 17:00:05'),
(472,	4,	1,	19,	4,	1,	4.20,	'2021-11-04 17:00:05',	'2021-11-04 17:00:05'),
(473,	5,	1,	16,	2,	0,	5.00,	'2021-11-04 17:00:06',	'2021-11-04 17:00:06'),
(474,	6,	1,	20,	2,	0,	5.00,	'2021-11-04 17:00:07',	'2021-11-04 17:00:07'),
(475,	7,	1,	18,	1,	0,	5.00,	'2021-11-04 17:00:07',	'2021-11-04 17:00:07'),
(476,	8,	1,	33,	1,	0,	5.00,	'2021-11-04 17:00:08',	'2021-11-04 17:00:08'),
(477,	9,	1,	30,	2,	0,	5.00,	'2021-11-04 17:00:08',	'2021-11-04 17:00:08'),
(478,	10,	1,	66,	2,	0,	5.00,	'2021-11-04 17:00:09',	'2021-11-04 17:00:09'),
(479,	11,	1,	238,	2,	0,	5.00,	'2021-11-04 17:00:10',	'2021-11-04 17:00:10'),
(480,	12,	1,	27,	2,	0,	5.00,	'2021-11-04 17:00:10',	'2021-11-04 17:00:10'),
(481,	13,	1,	40,	1,	0,	5.00,	'2021-11-04 17:00:11',	'2021-11-04 17:00:11'),
(482,	14,	1,	106,	2,	0,	5.00,	'2021-11-04 17:00:11',	'2021-11-04 17:00:11'),
(483,	15,	1,	215,	5,	1,	4.33,	'2021-11-04 17:00:12',	'2021-11-04 17:00:12'),
(484,	16,	1,	49,	2,	0,	5.00,	'2021-11-04 17:00:13',	'2021-11-04 17:00:13'),
(485,	17,	1,	16,	2,	0,	5.00,	'2021-11-04 17:00:14',	'2021-11-04 17:00:14'),
(486,	18,	1,	37,	2,	1,	3.67,	'2021-11-04 17:00:14',	'2021-11-04 17:00:14'),
(487,	1,	1,	21,	2,	0,	5.00,	'2021-11-04 17:30:02',	'2021-11-04 17:30:02'),
(488,	2,	1,	33,	2,	0,	5.00,	'2021-11-04 17:30:03',	'2021-11-04 17:30:03'),
(489,	3,	1,	22,	2,	0,	5.00,	'2021-11-04 17:30:04',	'2021-11-04 17:30:04'),
(490,	4,	1,	19,	4,	1,	4.20,	'2021-11-04 17:30:04',	'2021-11-04 17:30:04'),
(491,	5,	1,	16,	2,	0,	5.00,	'2021-11-04 17:30:05',	'2021-11-04 17:30:05'),
(492,	6,	1,	20,	2,	0,	5.00,	'2021-11-04 17:30:05',	'2021-11-04 17:30:05'),
(493,	7,	1,	18,	1,	0,	5.00,	'2021-11-04 17:30:06',	'2021-11-04 17:30:06'),
(494,	8,	1,	33,	1,	0,	5.00,	'2021-11-04 17:30:07',	'2021-11-04 17:30:07'),
(495,	9,	1,	30,	2,	0,	5.00,	'2021-11-04 17:30:07',	'2021-11-04 17:30:07'),
(496,	10,	1,	66,	2,	0,	5.00,	'2021-11-04 17:30:08',	'2021-11-04 17:30:08'),
(497,	11,	1,	239,	2,	0,	5.00,	'2021-11-04 17:30:08',	'2021-11-04 17:30:08'),
(498,	12,	1,	27,	2,	0,	5.00,	'2021-11-04 17:30:09',	'2021-11-04 17:30:09'),
(499,	13,	1,	40,	1,	0,	5.00,	'2021-11-04 17:30:10',	'2021-11-04 17:30:10'),
(500,	14,	1,	106,	2,	0,	5.00,	'2021-11-04 17:30:10',	'2021-11-04 17:30:10'),
(501,	15,	1,	215,	5,	1,	4.33,	'2021-11-04 17:30:11',	'2021-11-04 17:30:11'),
(502,	16,	1,	67,	2,	0,	5.00,	'2021-11-04 17:30:12',	'2021-11-04 17:30:12'),
(503,	17,	1,	16,	2,	0,	5.00,	'2021-11-04 17:30:12',	'2021-11-04 17:30:12'),
(504,	18,	1,	37,	2,	1,	3.67,	'2021-11-04 17:30:13',	'2021-11-04 17:30:13'),
(505,	1,	1,	21,	2,	0,	5.00,	'2021-11-04 18:00:03',	'2021-11-04 18:00:03'),
(506,	2,	1,	33,	2,	0,	5.00,	'2021-11-04 18:00:04',	'2021-11-04 18:00:04'),
(507,	3,	1,	22,	2,	0,	5.00,	'2021-11-04 18:00:04',	'2021-11-04 18:00:04'),
(508,	4,	1,	19,	4,	1,	4.20,	'2021-11-04 18:00:05',	'2021-11-04 18:00:05'),
(509,	5,	1,	16,	2,	0,	5.00,	'2021-11-04 18:00:06',	'2021-11-04 18:00:06'),
(510,	6,	1,	20,	2,	0,	5.00,	'2021-11-04 18:00:06',	'2021-11-04 18:00:06'),
(511,	7,	1,	18,	1,	0,	5.00,	'2021-11-04 18:00:07',	'2021-11-04 18:00:07'),
(512,	8,	1,	33,	1,	0,	5.00,	'2021-11-04 18:00:08',	'2021-11-04 18:00:08'),
(513,	9,	1,	30,	2,	0,	5.00,	'2021-11-04 18:00:08',	'2021-11-04 18:00:08'),
(514,	10,	1,	66,	2,	0,	5.00,	'2021-11-04 18:00:09',	'2021-11-04 18:00:09'),
(515,	11,	1,	238,	2,	0,	5.00,	'2021-11-04 18:00:10',	'2021-11-04 18:00:10'),
(516,	12,	1,	27,	1,	0,	5.00,	'2021-11-04 18:00:10',	'2021-11-04 18:00:10'),
(517,	13,	1,	40,	1,	0,	5.00,	'2021-11-04 18:00:11',	'2021-11-04 18:00:11'),
(518,	14,	1,	106,	2,	0,	5.00,	'2021-11-04 18:00:11',	'2021-11-04 18:00:11'),
(519,	15,	1,	215,	5,	1,	4.33,	'2021-11-04 18:00:12',	'2021-11-04 18:00:12'),
(520,	16,	1,	67,	2,	0,	5.00,	'2021-11-04 18:00:13',	'2021-11-04 18:00:13'),
(521,	17,	1,	16,	2,	0,	5.00,	'2021-11-04 18:00:13',	'2021-11-04 18:00:13'),
(522,	18,	1,	37,	2,	1,	3.67,	'2021-11-04 18:00:14',	'2021-11-04 18:00:14'),
(523,	1,	1,	21,	2,	0,	5.00,	'2021-11-04 18:30:02',	'2021-11-04 18:30:02'),
(524,	2,	1,	33,	2,	0,	5.00,	'2021-11-04 18:30:03',	'2021-11-04 18:30:03'),
(525,	3,	1,	22,	2,	0,	5.00,	'2021-11-04 18:30:03',	'2021-11-04 18:30:03'),
(526,	4,	1,	19,	4,	1,	4.20,	'2021-11-04 18:30:04',	'2021-11-04 18:30:04'),
(527,	5,	1,	16,	2,	0,	5.00,	'2021-11-04 18:30:04',	'2021-11-04 18:30:04'),
(528,	6,	1,	20,	2,	0,	5.00,	'2021-11-04 18:30:05',	'2021-11-04 18:30:05'),
(529,	7,	1,	18,	1,	0,	5.00,	'2021-11-04 18:30:06',	'2021-11-04 18:30:06'),
(530,	8,	1,	33,	1,	0,	5.00,	'2021-11-04 18:30:06',	'2021-11-04 18:30:06'),
(531,	9,	1,	30,	2,	0,	5.00,	'2021-11-04 18:30:07',	'2021-11-04 18:30:07'),
(532,	10,	1,	66,	2,	0,	5.00,	'2021-11-04 18:30:08',	'2021-11-04 18:30:08'),
(533,	11,	1,	239,	2,	0,	5.00,	'2021-11-04 18:30:08',	'2021-11-04 18:30:08'),
(534,	12,	1,	27,	1,	0,	5.00,	'2021-11-04 18:30:09',	'2021-11-04 18:30:09'),
(535,	13,	1,	40,	1,	0,	5.00,	'2021-11-04 18:30:09',	'2021-11-04 18:30:09'),
(536,	14,	1,	106,	2,	0,	5.00,	'2021-11-04 18:30:10',	'2021-11-04 18:30:10'),
(537,	15,	1,	215,	5,	1,	4.33,	'2021-11-04 18:30:11',	'2021-11-04 18:30:11'),
(538,	16,	1,	67,	2,	0,	5.00,	'2021-11-04 18:30:11',	'2021-11-04 18:30:11'),
(539,	17,	1,	16,	2,	0,	5.00,	'2021-11-04 18:30:12',	'2021-11-04 18:30:12'),
(540,	18,	1,	37,	2,	1,	3.67,	'2021-11-04 18:30:12',	'2021-11-04 18:30:12'),
(541,	1,	1,	21,	2,	0,	5.00,	'2021-11-04 19:00:03',	'2021-11-04 19:00:03'),
(542,	2,	1,	33,	2,	0,	5.00,	'2021-11-04 19:00:03',	'2021-11-04 19:00:03'),
(543,	3,	1,	22,	2,	0,	5.00,	'2021-11-04 19:00:04',	'2021-11-04 19:00:04'),
(544,	4,	1,	19,	4,	1,	4.20,	'2021-11-04 19:00:04',	'2021-11-04 19:00:04'),
(545,	5,	1,	16,	2,	0,	5.00,	'2021-11-04 19:00:05',	'2021-11-04 19:00:05'),
(546,	6,	1,	20,	2,	0,	5.00,	'2021-11-04 19:00:05',	'2021-11-04 19:00:05'),
(547,	7,	1,	18,	1,	0,	5.00,	'2021-11-04 19:00:06',	'2021-11-04 19:00:06'),
(548,	8,	1,	33,	1,	0,	5.00,	'2021-11-04 19:00:06',	'2021-11-04 19:00:06'),
(549,	9,	1,	30,	2,	0,	5.00,	'2021-11-04 19:00:07',	'2021-11-04 19:00:07'),
(550,	10,	1,	66,	2,	0,	5.00,	'2021-11-04 19:00:08',	'2021-11-04 19:00:08'),
(551,	11,	1,	238,	2,	0,	5.00,	'2021-11-04 19:00:08',	'2021-11-04 19:00:08'),
(552,	12,	1,	27,	1,	0,	5.00,	'2021-11-04 19:00:09',	'2021-11-04 19:00:09'),
(553,	13,	1,	40,	1,	0,	5.00,	'2021-11-04 19:00:09',	'2021-11-04 19:00:09'),
(554,	14,	1,	106,	2,	0,	5.00,	'2021-11-04 19:00:10',	'2021-11-04 19:00:10'),
(555,	15,	1,	215,	5,	1,	4.33,	'2021-11-04 19:00:10',	'2021-11-04 19:00:10'),
(556,	16,	1,	67,	2,	0,	5.00,	'2021-11-04 19:00:11',	'2021-11-04 19:00:11'),
(557,	17,	1,	16,	2,	0,	5.00,	'2021-11-04 19:00:12',	'2021-11-04 19:00:12'),
(558,	18,	1,	37,	2,	1,	3.67,	'2021-11-04 19:00:12',	'2021-11-04 19:00:12'),
(559,	1,	1,	21,	2,	0,	5.00,	'2021-11-04 19:30:03',	'2021-11-04 19:30:03'),
(560,	2,	1,	33,	2,	0,	5.00,	'2021-11-04 19:30:03',	'2021-11-04 19:30:03'),
(561,	3,	1,	22,	2,	0,	5.00,	'2021-11-04 19:30:04',	'2021-11-04 19:30:04'),
(562,	4,	1,	19,	4,	1,	4.20,	'2021-11-04 19:30:04',	'2021-11-04 19:30:04'),
(563,	5,	1,	16,	2,	0,	5.00,	'2021-11-04 19:30:05',	'2021-11-04 19:30:05'),
(564,	6,	1,	20,	2,	0,	5.00,	'2021-11-04 19:30:06',	'2021-11-04 19:30:06'),
(565,	7,	1,	18,	1,	0,	5.00,	'2021-11-04 19:30:06',	'2021-11-04 19:30:06'),
(566,	8,	1,	33,	1,	0,	5.00,	'2021-11-04 19:30:07',	'2021-11-04 19:30:07'),
(567,	9,	1,	30,	2,	0,	5.00,	'2021-11-04 19:30:07',	'2021-11-04 19:30:07'),
(568,	10,	1,	67,	2,	0,	5.00,	'2021-11-04 19:30:08',	'2021-11-04 19:30:08'),
(569,	11,	1,	239,	2,	0,	5.00,	'2021-11-04 19:30:09',	'2021-11-04 19:30:09'),
(570,	12,	1,	27,	1,	0,	5.00,	'2021-11-04 19:30:09',	'2021-11-04 19:30:09'),
(571,	13,	1,	40,	1,	0,	5.00,	'2021-11-04 19:30:10',	'2021-11-04 19:30:10'),
(572,	14,	1,	106,	2,	0,	5.00,	'2021-11-04 19:30:10',	'2021-11-04 19:30:10'),
(573,	15,	1,	215,	5,	1,	4.33,	'2021-11-04 19:30:11',	'2021-11-04 19:30:11'),
(574,	16,	1,	85,	0,	0,	0.00,	'2021-11-04 19:30:12',	'2021-11-04 19:30:12'),
(575,	17,	1,	16,	2,	0,	5.00,	'2021-11-04 19:30:12',	'2021-11-04 19:30:12'),
(576,	18,	1,	37,	2,	1,	3.67,	'2021-11-04 19:30:13',	'2021-11-04 19:30:13'),
(577,	1,	1,	21,	2,	0,	5.00,	'2021-11-04 20:00:03',	'2021-11-04 20:00:03'),
(578,	2,	1,	33,	2,	0,	5.00,	'2021-11-04 20:00:03',	'2021-11-04 20:00:03'),
(579,	3,	1,	22,	2,	0,	5.00,	'2021-11-04 20:00:04',	'2021-11-04 20:00:04'),
(580,	4,	1,	19,	4,	1,	4.20,	'2021-11-04 20:00:04',	'2021-11-04 20:00:04'),
(581,	5,	1,	16,	2,	0,	5.00,	'2021-11-04 20:00:05',	'2021-11-04 20:00:05'),
(582,	6,	1,	20,	2,	0,	5.00,	'2021-11-04 20:00:06',	'2021-11-04 20:00:06'),
(583,	7,	1,	18,	1,	0,	5.00,	'2021-11-04 20:00:06',	'2021-11-04 20:00:06'),
(584,	8,	1,	33,	1,	0,	5.00,	'2021-11-04 20:00:07',	'2021-11-04 20:00:07'),
(585,	9,	1,	30,	2,	0,	5.00,	'2021-11-04 20:00:07',	'2021-11-04 20:00:07'),
(586,	10,	1,	66,	2,	0,	5.00,	'2021-11-04 20:00:08',	'2021-11-04 20:00:08'),
(587,	11,	1,	240,	2,	0,	5.00,	'2021-11-04 20:00:08',	'2021-11-04 20:00:08'),
(588,	12,	1,	27,	1,	0,	5.00,	'2021-11-04 20:00:09',	'2021-11-04 20:00:09'),
(589,	13,	1,	40,	1,	0,	5.00,	'2021-11-04 20:00:09',	'2021-11-04 20:00:09'),
(590,	14,	1,	106,	2,	0,	5.00,	'2021-11-04 20:00:10',	'2021-11-04 20:00:10'),
(591,	15,	1,	215,	5,	1,	4.33,	'2021-11-04 20:00:11',	'2021-11-04 20:00:11'),
(592,	16,	1,	79,	0,	0,	0.00,	'2021-11-04 20:00:11',	'2021-11-04 20:00:11'),
(593,	17,	1,	16,	2,	0,	5.00,	'2021-11-04 20:00:12',	'2021-11-04 20:00:12'),
(594,	18,	1,	38,	2,	1,	3.67,	'2021-11-04 20:00:12',	'2021-11-04 20:00:12'),
(595,	1,	1,	21,	2,	0,	5.00,	'2021-11-04 20:30:02',	'2021-11-04 20:30:02'),
(596,	2,	1,	33,	2,	0,	5.00,	'2021-11-04 20:30:02',	'2021-11-04 20:30:02'),
(597,	3,	1,	22,	2,	0,	5.00,	'2021-11-04 20:30:03',	'2021-11-04 20:30:03'),
(598,	4,	1,	19,	4,	1,	4.20,	'2021-11-04 20:30:04',	'2021-11-04 20:30:04'),
(599,	5,	1,	16,	2,	0,	5.00,	'2021-11-04 20:30:04',	'2021-11-04 20:30:04'),
(600,	6,	1,	20,	2,	0,	5.00,	'2021-11-04 20:30:05',	'2021-11-04 20:30:05'),
(601,	7,	1,	18,	1,	0,	5.00,	'2021-11-04 20:30:05',	'2021-11-04 20:30:05'),
(602,	8,	1,	33,	1,	0,	5.00,	'2021-11-04 20:30:06',	'2021-11-04 20:30:06'),
(603,	9,	1,	30,	2,	0,	5.00,	'2021-11-04 20:30:06',	'2021-11-04 20:30:06'),
(604,	10,	1,	67,	2,	0,	5.00,	'2021-11-04 20:30:07',	'2021-11-04 20:30:07'),
(605,	11,	1,	240,	2,	0,	5.00,	'2021-11-04 20:30:07',	'2021-11-04 20:30:07'),
(606,	12,	1,	27,	1,	0,	5.00,	'2021-11-04 20:30:08',	'2021-11-04 20:30:08'),
(607,	13,	1,	40,	1,	0,	5.00,	'2021-11-04 20:30:09',	'2021-11-04 20:30:09'),
(608,	14,	1,	106,	2,	0,	5.00,	'2021-11-04 20:30:09',	'2021-11-04 20:30:09'),
(609,	15,	1,	215,	5,	1,	4.33,	'2021-11-04 20:30:10',	'2021-11-04 20:30:10'),
(610,	16,	1,	86,	0,	0,	0.00,	'2021-11-04 20:30:10',	'2021-11-04 20:30:10'),
(611,	17,	1,	16,	2,	0,	5.00,	'2021-11-04 20:30:11',	'2021-11-04 20:30:11'),
(612,	18,	1,	37,	2,	1,	3.67,	'2021-11-04 20:30:11',	'2021-11-04 20:30:11'),
(613,	1,	1,	21,	2,	0,	5.00,	'2021-11-04 21:00:02',	'2021-11-04 21:00:02'),
(614,	2,	1,	33,	2,	0,	5.00,	'2021-11-04 21:00:03',	'2021-11-04 21:00:03'),
(615,	3,	1,	22,	2,	0,	5.00,	'2021-11-04 21:00:04',	'2021-11-04 21:00:04'),
(616,	4,	1,	19,	4,	1,	4.20,	'2021-11-04 21:00:04',	'2021-11-04 21:00:04'),
(617,	5,	1,	16,	2,	0,	5.00,	'2021-11-04 21:00:05',	'2021-11-04 21:00:05'),
(618,	6,	1,	20,	2,	0,	5.00,	'2021-11-04 21:00:05',	'2021-11-04 21:00:05'),
(619,	7,	1,	18,	1,	0,	5.00,	'2021-11-04 21:00:06',	'2021-11-04 21:00:06'),
(620,	8,	1,	33,	1,	0,	5.00,	'2021-11-04 21:00:06',	'2021-11-04 21:00:06'),
(621,	9,	1,	30,	2,	0,	5.00,	'2021-11-04 21:00:07',	'2021-11-04 21:00:07'),
(622,	10,	1,	67,	2,	0,	5.00,	'2021-11-04 21:00:07',	'2021-11-04 21:00:07'),
(623,	11,	1,	240,	2,	0,	5.00,	'2021-11-04 21:00:08',	'2021-11-04 21:00:08'),
(624,	12,	1,	27,	1,	0,	5.00,	'2021-11-04 21:00:09',	'2021-11-04 21:00:09'),
(625,	13,	1,	40,	1,	0,	5.00,	'2021-11-04 21:00:09',	'2021-11-04 21:00:09'),
(626,	14,	1,	106,	2,	0,	5.00,	'2021-11-04 21:00:10',	'2021-11-04 21:00:10'),
(627,	15,	1,	215,	5,	1,	4.33,	'2021-11-04 21:00:10',	'2021-11-04 21:00:10'),
(628,	16,	1,	86,	0,	0,	0.00,	'2021-11-04 21:00:11',	'2021-11-04 21:00:11'),
(629,	17,	1,	16,	2,	0,	5.00,	'2021-11-04 21:00:11',	'2021-11-04 21:00:11'),
(630,	18,	1,	38,	2,	1,	3.67,	'2021-11-04 21:00:12',	'2021-11-04 21:00:12'),
(631,	1,	1,	21,	2,	0,	5.00,	'2021-11-04 21:30:02',	'2021-11-04 21:30:02'),
(632,	2,	1,	33,	2,	0,	5.00,	'2021-11-04 21:30:02',	'2021-11-04 21:30:02'),
(633,	3,	1,	22,	2,	0,	5.00,	'2021-11-04 21:30:03',	'2021-11-04 21:30:03'),
(634,	4,	1,	19,	4,	1,	4.20,	'2021-11-04 21:30:03',	'2021-11-04 21:30:03'),
(635,	5,	1,	16,	2,	0,	5.00,	'2021-11-04 21:30:04',	'2021-11-04 21:30:04'),
(636,	6,	1,	20,	2,	0,	5.00,	'2021-11-04 21:30:05',	'2021-11-04 21:30:05'),
(637,	7,	1,	18,	1,	0,	5.00,	'2021-11-04 21:30:05',	'2021-11-04 21:30:05'),
(638,	8,	1,	33,	1,	0,	5.00,	'2021-11-04 21:30:06',	'2021-11-04 21:30:06'),
(639,	9,	1,	30,	2,	0,	5.00,	'2021-11-04 21:30:06',	'2021-11-04 21:30:06'),
(640,	10,	1,	67,	2,	0,	5.00,	'2021-11-04 21:30:07',	'2021-11-04 21:30:07'),
(641,	11,	1,	240,	2,	0,	5.00,	'2021-11-04 21:30:07',	'2021-11-04 21:30:07'),
(642,	12,	1,	27,	1,	0,	5.00,	'2021-11-04 21:30:08',	'2021-11-04 21:30:08'),
(643,	13,	1,	40,	1,	0,	5.00,	'2021-11-04 21:30:09',	'2021-11-04 21:30:09'),
(644,	14,	1,	106,	2,	0,	5.00,	'2021-11-04 21:30:09',	'2021-11-04 21:30:09'),
(645,	15,	1,	215,	5,	1,	4.33,	'2021-11-04 21:30:10',	'2021-11-04 21:30:10'),
(646,	16,	1,	85,	0,	0,	0.00,	'2021-11-04 21:30:10',	'2021-11-04 21:30:10'),
(647,	17,	1,	16,	2,	0,	5.00,	'2021-11-04 21:30:11',	'2021-11-04 21:30:11'),
(648,	18,	1,	38,	2,	1,	3.67,	'2021-11-04 21:30:11',	'2021-11-04 21:30:11'),
(649,	1,	1,	21,	2,	0,	5.00,	'2021-11-04 22:00:02',	'2021-11-04 22:00:02'),
(650,	2,	1,	33,	2,	0,	5.00,	'2021-11-04 22:00:02',	'2021-11-04 22:00:02'),
(651,	3,	1,	22,	2,	0,	5.00,	'2021-11-04 22:00:03',	'2021-11-04 22:00:03'),
(652,	4,	1,	19,	4,	1,	4.20,	'2021-11-04 22:00:04',	'2021-11-04 22:00:04'),
(653,	5,	1,	16,	2,	0,	5.00,	'2021-11-04 22:00:04',	'2021-11-04 22:00:04'),
(654,	6,	1,	20,	2,	0,	5.00,	'2021-11-04 22:00:05',	'2021-11-04 22:00:05'),
(655,	7,	1,	18,	1,	0,	5.00,	'2021-11-04 22:00:05',	'2021-11-04 22:00:05'),
(656,	8,	1,	33,	1,	0,	5.00,	'2021-11-04 22:00:06',	'2021-11-04 22:00:06'),
(657,	9,	1,	30,	2,	0,	5.00,	'2021-11-04 22:00:06',	'2021-11-04 22:00:06'),
(658,	10,	1,	67,	2,	0,	5.00,	'2021-11-04 22:00:07',	'2021-11-04 22:00:07'),
(659,	11,	1,	240,	2,	0,	5.00,	'2021-11-04 22:00:08',	'2021-11-04 22:00:08'),
(660,	12,	1,	27,	1,	0,	5.00,	'2021-11-04 22:00:08',	'2021-11-04 22:00:08'),
(661,	13,	1,	40,	1,	0,	5.00,	'2021-11-04 22:00:09',	'2021-11-04 22:00:09'),
(662,	14,	1,	106,	2,	0,	5.00,	'2021-11-04 22:00:09',	'2021-11-04 22:00:09'),
(663,	15,	1,	215,	5,	1,	4.33,	'2021-11-04 22:00:10',	'2021-11-04 22:00:10'),
(664,	16,	1,	88,	0,	0,	0.00,	'2021-11-04 22:00:10',	'2021-11-04 22:00:10'),
(665,	17,	1,	16,	2,	0,	5.00,	'2021-11-04 22:00:11',	'2021-11-04 22:00:11'),
(666,	18,	1,	38,	2,	1,	3.67,	'2021-11-04 22:00:12',	'2021-11-04 22:00:12'),
(667,	1,	1,	21,	2,	0,	5.00,	'2021-11-04 22:30:03',	'2021-11-04 22:30:03'),
(668,	2,	1,	33,	2,	0,	5.00,	'2021-11-04 22:30:03',	'2021-11-04 22:30:03'),
(669,	3,	1,	22,	2,	0,	5.00,	'2021-11-04 22:30:04',	'2021-11-04 22:30:04'),
(670,	4,	1,	19,	4,	1,	4.20,	'2021-11-04 22:30:04',	'2021-11-04 22:30:04'),
(671,	5,	1,	16,	2,	0,	5.00,	'2021-11-04 22:30:05',	'2021-11-04 22:30:05'),
(672,	6,	1,	20,	2,	0,	5.00,	'2021-11-04 22:30:05',	'2021-11-04 22:30:05'),
(673,	7,	1,	18,	1,	0,	5.00,	'2021-11-04 22:30:08',	'2021-11-04 22:30:08'),
(674,	8,	1,	33,	1,	0,	5.00,	'2021-11-04 22:30:09',	'2021-11-04 22:30:09'),
(675,	9,	1,	30,	2,	0,	5.00,	'2021-11-04 22:30:10',	'2021-11-04 22:30:10'),
(676,	10,	1,	67,	2,	0,	5.00,	'2021-11-04 22:30:10',	'2021-11-04 22:30:10'),
(677,	11,	1,	240,	2,	0,	5.00,	'2021-11-04 22:30:11',	'2021-11-04 22:30:11'),
(678,	12,	1,	27,	3,	0,	5.00,	'2021-11-04 22:30:11',	'2021-11-04 22:30:11'),
(679,	13,	1,	40,	1,	0,	5.00,	'2021-11-04 22:30:12',	'2021-11-04 22:30:12'),
(680,	14,	1,	106,	2,	0,	5.00,	'2021-11-04 22:30:12',	'2021-11-04 22:30:12'),
(681,	15,	1,	215,	5,	1,	4.33,	'2021-11-04 22:30:13',	'2021-11-04 22:30:13'),
(682,	16,	1,	88,	0,	0,	0.00,	'2021-11-04 22:30:13',	'2021-11-04 22:30:13'),
(683,	17,	1,	16,	2,	0,	5.00,	'2021-11-04 22:30:14',	'2021-11-04 22:30:14'),
(684,	18,	1,	38,	2,	1,	3.67,	'2021-11-04 22:30:15',	'2021-11-04 22:30:15'),
(685,	1,	1,	21,	2,	0,	5.00,	'2021-11-04 23:00:02',	'2021-11-04 23:00:02'),
(686,	2,	1,	33,	2,	0,	5.00,	'2021-11-04 23:00:03',	'2021-11-04 23:00:03'),
(687,	3,	1,	22,	2,	0,	5.00,	'2021-11-04 23:00:03',	'2021-11-04 23:00:03'),
(688,	4,	1,	19,	4,	1,	4.20,	'2021-11-04 23:00:04',	'2021-11-04 23:00:04'),
(689,	5,	1,	16,	2,	0,	5.00,	'2021-11-04 23:00:05',	'2021-11-04 23:00:05'),
(690,	6,	1,	20,	2,	0,	5.00,	'2021-11-04 23:00:05',	'2021-11-04 23:00:05'),
(691,	7,	1,	18,	1,	0,	5.00,	'2021-11-04 23:00:06',	'2021-11-04 23:00:06'),
(692,	8,	1,	33,	1,	0,	5.00,	'2021-11-04 23:00:06',	'2021-11-04 23:00:06'),
(693,	9,	1,	30,	2,	0,	5.00,	'2021-11-04 23:00:07',	'2021-11-04 23:00:07'),
(694,	10,	1,	67,	2,	0,	5.00,	'2021-11-04 23:00:08',	'2021-11-04 23:00:08'),
(695,	11,	1,	240,	2,	0,	5.00,	'2021-11-04 23:00:08',	'2021-11-04 23:00:08'),
(696,	12,	1,	27,	3,	0,	5.00,	'2021-11-04 23:00:09',	'2021-11-04 23:00:09'),
(697,	13,	1,	40,	1,	0,	5.00,	'2021-11-04 23:00:09',	'2021-11-04 23:00:09'),
(698,	14,	1,	106,	2,	0,	5.00,	'2021-11-04 23:00:10',	'2021-11-04 23:00:10'),
(699,	15,	1,	215,	5,	1,	4.33,	'2021-11-04 23:00:10',	'2021-11-04 23:00:10'),
(700,	16,	1,	90,	0,	0,	0.00,	'2021-11-04 23:00:11',	'2021-11-04 23:00:11'),
(701,	17,	1,	17,	2,	0,	5.00,	'2021-11-04 23:00:12',	'2021-11-04 23:00:12'),
(702,	18,	1,	38,	2,	1,	3.67,	'2021-11-04 23:00:12',	'2021-11-04 23:00:12'),
(703,	1,	1,	21,	2,	0,	5.00,	'2021-11-04 23:30:02',	'2021-11-04 23:30:02'),
(704,	2,	1,	33,	2,	0,	5.00,	'2021-11-04 23:30:03',	'2021-11-04 23:30:03'),
(705,	3,	1,	22,	2,	0,	5.00,	'2021-11-04 23:30:03',	'2021-11-04 23:30:03'),
(706,	4,	1,	19,	4,	1,	4.20,	'2021-11-04 23:30:04',	'2021-11-04 23:30:04'),
(707,	5,	1,	16,	2,	0,	5.00,	'2021-11-04 23:30:04',	'2021-11-04 23:30:04'),
(708,	6,	1,	20,	2,	0,	5.00,	'2021-11-04 23:30:05',	'2021-11-04 23:30:05'),
(709,	7,	1,	18,	1,	0,	5.00,	'2021-11-04 23:30:05',	'2021-11-04 23:30:05'),
(710,	8,	1,	33,	1,	0,	5.00,	'2021-11-04 23:30:06',	'2021-11-04 23:30:06'),
(711,	9,	1,	30,	2,	0,	5.00,	'2021-11-04 23:30:07',	'2021-11-04 23:30:07'),
(712,	10,	1,	67,	2,	0,	5.00,	'2021-11-04 23:30:07',	'2021-11-04 23:30:07'),
(713,	11,	1,	240,	2,	0,	5.00,	'2021-11-04 23:30:08',	'2021-11-04 23:30:08'),
(714,	12,	1,	27,	3,	0,	5.00,	'2021-11-04 23:30:08',	'2021-11-04 23:30:08'),
(715,	13,	1,	40,	1,	0,	5.00,	'2021-11-04 23:30:09',	'2021-11-04 23:30:09'),
(716,	14,	1,	106,	2,	0,	5.00,	'2021-11-04 23:30:09',	'2021-11-04 23:30:09'),
(717,	15,	1,	215,	5,	1,	4.33,	'2021-11-04 23:30:10',	'2021-11-04 23:30:10'),
(718,	16,	1,	90,	0,	0,	0.00,	'2021-11-04 23:30:11',	'2021-11-04 23:30:11'),
(719,	17,	1,	17,	2,	0,	5.00,	'2021-11-04 23:30:12',	'2021-11-04 23:30:12'),
(720,	18,	1,	38,	2,	1,	3.67,	'2021-11-04 23:30:13',	'2021-11-04 23:30:13'),
(721,	1,	1,	21,	2,	0,	5.00,	'2021-11-05 00:00:03',	'2021-11-05 00:00:03'),
(722,	2,	1,	33,	2,	0,	5.00,	'2021-11-05 00:00:03',	'2021-11-05 00:00:03'),
(723,	3,	1,	22,	2,	0,	5.00,	'2021-11-05 00:00:04',	'2021-11-05 00:00:04'),
(724,	4,	1,	19,	4,	1,	4.20,	'2021-11-05 00:00:04',	'2021-11-05 00:00:04'),
(725,	5,	1,	16,	2,	0,	5.00,	'2021-11-05 00:00:05',	'2021-11-05 00:00:05'),
(726,	6,	1,	20,	2,	0,	5.00,	'2021-11-05 00:00:06',	'2021-11-05 00:00:06'),
(727,	7,	1,	18,	1,	0,	5.00,	'2021-11-05 00:00:06',	'2021-11-05 00:00:06'),
(728,	8,	1,	33,	1,	0,	5.00,	'2021-11-05 00:00:07',	'2021-11-05 00:00:07'),
(729,	9,	1,	30,	2,	0,	5.00,	'2021-11-05 00:00:07',	'2021-11-05 00:00:07'),
(730,	10,	1,	67,	2,	0,	5.00,	'2021-11-05 00:00:08',	'2021-11-05 00:00:08'),
(731,	11,	1,	240,	2,	0,	5.00,	'2021-11-05 00:00:08',	'2021-11-05 00:00:08'),
(732,	12,	1,	27,	3,	0,	5.00,	'2021-11-05 00:00:09',	'2021-11-05 00:00:09'),
(733,	13,	1,	40,	1,	0,	5.00,	'2021-11-05 00:00:09',	'2021-11-05 00:00:09'),
(734,	14,	1,	106,	2,	0,	5.00,	'2021-11-05 00:00:10',	'2021-11-05 00:00:10'),
(735,	15,	1,	215,	5,	1,	4.33,	'2021-11-05 00:00:11',	'2021-11-05 00:00:11'),
(736,	16,	1,	91,	0,	0,	0.00,	'2021-11-05 00:00:11',	'2021-11-05 00:00:11'),
(737,	17,	1,	17,	2,	0,	5.00,	'2021-11-05 00:00:12',	'2021-11-05 00:00:12'),
(738,	18,	1,	38,	2,	1,	3.67,	'2021-11-05 00:00:12',	'2021-11-05 00:00:12'),
(739,	1,	1,	21,	2,	0,	5.00,	'2021-11-05 00:30:02',	'2021-11-05 00:30:02'),
(740,	2,	1,	33,	2,	0,	5.00,	'2021-11-05 00:30:03',	'2021-11-05 00:30:03'),
(741,	3,	1,	22,	2,	0,	5.00,	'2021-11-05 00:30:03',	'2021-11-05 00:30:03'),
(742,	4,	1,	19,	4,	1,	4.20,	'2021-11-05 00:30:04',	'2021-11-05 00:30:04'),
(743,	5,	1,	16,	2,	0,	5.00,	'2021-11-05 00:30:05',	'2021-11-05 00:30:05'),
(744,	6,	1,	20,	2,	0,	5.00,	'2021-11-05 00:30:05',	'2021-11-05 00:30:05'),
(745,	7,	1,	18,	1,	0,	5.00,	'2021-11-05 00:30:06',	'2021-11-05 00:30:06'),
(746,	8,	1,	33,	1,	0,	5.00,	'2021-11-05 00:30:06',	'2021-11-05 00:30:06'),
(747,	9,	1,	30,	2,	0,	5.00,	'2021-11-05 00:30:07',	'2021-11-05 00:30:07'),
(748,	10,	1,	67,	2,	0,	5.00,	'2021-11-05 00:30:07',	'2021-11-05 00:30:07'),
(749,	11,	1,	240,	2,	0,	5.00,	'2021-11-05 00:30:08',	'2021-11-05 00:30:08'),
(750,	12,	1,	28,	3,	0,	5.00,	'2021-11-05 00:30:08',	'2021-11-05 00:30:08'),
(751,	13,	1,	40,	1,	0,	5.00,	'2021-11-05 00:30:09',	'2021-11-05 00:30:09'),
(752,	14,	1,	106,	2,	0,	5.00,	'2021-11-05 00:30:10',	'2021-11-05 00:30:10'),
(753,	15,	1,	215,	5,	1,	4.33,	'2021-11-05 00:30:10',	'2021-11-05 00:30:10'),
(754,	16,	1,	91,	0,	0,	0.00,	'2021-11-05 00:30:11',	'2021-11-05 00:30:11'),
(755,	17,	1,	17,	2,	0,	5.00,	'2021-11-05 00:30:11',	'2021-11-05 00:30:11'),
(756,	18,	1,	38,	2,	1,	3.67,	'2021-11-05 00:30:12',	'2021-11-05 00:30:12'),
(757,	1,	1,	21,	2,	0,	5.00,	'2021-11-05 01:00:03',	'2021-11-05 01:00:03'),
(758,	2,	1,	33,	2,	0,	5.00,	'2021-11-05 01:00:03',	'2021-11-05 01:00:03'),
(759,	3,	1,	22,	2,	0,	5.00,	'2021-11-05 01:00:04',	'2021-11-05 01:00:04'),
(760,	4,	1,	19,	4,	1,	4.20,	'2021-11-05 01:00:04',	'2021-11-05 01:00:04'),
(761,	5,	1,	16,	2,	0,	5.00,	'2021-11-05 01:00:05',	'2021-11-05 01:00:05'),
(762,	6,	1,	20,	2,	0,	5.00,	'2021-11-05 01:00:05',	'2021-11-05 01:00:05'),
(763,	7,	1,	18,	1,	0,	5.00,	'2021-11-05 01:00:06',	'2021-11-05 01:00:06'),
(764,	8,	1,	33,	1,	0,	5.00,	'2021-11-05 01:00:06',	'2021-11-05 01:00:06'),
(765,	9,	1,	30,	2,	0,	5.00,	'2021-11-05 01:00:07',	'2021-11-05 01:00:07'),
(766,	10,	1,	67,	2,	0,	5.00,	'2021-11-05 01:00:07',	'2021-11-05 01:00:07'),
(767,	11,	1,	240,	2,	0,	5.00,	'2021-11-05 01:00:08',	'2021-11-05 01:00:08'),
(768,	12,	1,	28,	3,	0,	5.00,	'2021-11-05 01:00:08',	'2021-11-05 01:00:08'),
(769,	13,	1,	40,	1,	0,	5.00,	'2021-11-05 01:00:09',	'2021-11-05 01:00:09'),
(770,	14,	1,	106,	2,	0,	5.00,	'2021-11-05 01:00:10',	'2021-11-05 01:00:10'),
(771,	15,	1,	215,	5,	1,	4.33,	'2021-11-05 01:00:10',	'2021-11-05 01:00:10'),
(772,	16,	1,	90,	0,	0,	0.00,	'2021-11-05 01:00:11',	'2021-11-05 01:00:11'),
(773,	17,	1,	17,	2,	0,	5.00,	'2021-11-05 01:00:11',	'2021-11-05 01:00:11'),
(774,	18,	1,	38,	2,	1,	3.67,	'2021-11-05 01:00:12',	'2021-11-05 01:00:12'),
(775,	1,	1,	21,	2,	0,	5.00,	'2021-11-05 01:30:02',	'2021-11-05 01:30:02'),
(776,	2,	1,	33,	2,	0,	5.00,	'2021-11-05 01:30:03',	'2021-11-05 01:30:03'),
(777,	3,	1,	22,	2,	0,	5.00,	'2021-11-05 01:30:04',	'2021-11-05 01:30:04'),
(778,	4,	1,	19,	4,	1,	4.20,	'2021-11-05 01:30:04',	'2021-11-05 01:30:04'),
(779,	5,	1,	16,	2,	0,	5.00,	'2021-11-05 01:30:05',	'2021-11-05 01:30:05'),
(780,	6,	1,	20,	2,	0,	5.00,	'2021-11-05 01:30:05',	'2021-11-05 01:30:05'),
(781,	7,	1,	18,	1,	0,	5.00,	'2021-11-05 01:30:06',	'2021-11-05 01:30:06'),
(782,	8,	1,	33,	1,	0,	5.00,	'2021-11-05 01:30:06',	'2021-11-05 01:30:06'),
(783,	9,	1,	30,	2,	0,	5.00,	'2021-11-05 01:30:07',	'2021-11-05 01:30:07'),
(784,	10,	1,	67,	2,	0,	5.00,	'2021-11-05 01:30:07',	'2021-11-05 01:30:07'),
(785,	11,	1,	240,	2,	0,	5.00,	'2021-11-05 01:30:08',	'2021-11-05 01:30:08'),
(786,	12,	1,	28,	3,	0,	5.00,	'2021-11-05 01:30:09',	'2021-11-05 01:30:09'),
(787,	13,	1,	40,	1,	0,	5.00,	'2021-11-05 01:30:09',	'2021-11-05 01:30:09'),
(788,	14,	1,	106,	2,	0,	5.00,	'2021-11-05 01:30:10',	'2021-11-05 01:30:10'),
(789,	15,	1,	215,	5,	1,	4.33,	'2021-11-05 01:30:10',	'2021-11-05 01:30:10'),
(790,	16,	1,	91,	0,	0,	0.00,	'2021-11-05 01:30:11',	'2021-11-05 01:30:11'),
(791,	17,	1,	17,	2,	0,	5.00,	'2021-11-05 01:30:11',	'2021-11-05 01:30:11'),
(792,	18,	1,	38,	2,	1,	3.67,	'2021-11-05 01:30:12',	'2021-11-05 01:30:12'),
(793,	1,	1,	21,	2,	0,	5.00,	'2021-11-05 02:00:03',	'2021-11-05 02:00:03'),
(794,	2,	1,	33,	2,	0,	5.00,	'2021-11-05 02:00:03',	'2021-11-05 02:00:03'),
(795,	3,	1,	22,	2,	0,	5.00,	'2021-11-05 02:00:04',	'2021-11-05 02:00:04'),
(796,	4,	1,	19,	4,	1,	4.20,	'2021-11-05 02:00:04',	'2021-11-05 02:00:04'),
(797,	5,	1,	16,	2,	0,	5.00,	'2021-11-05 02:00:05',	'2021-11-05 02:00:05'),
(798,	6,	1,	20,	2,	0,	5.00,	'2021-11-05 02:00:06',	'2021-11-05 02:00:06'),
(799,	7,	1,	18,	1,	0,	5.00,	'2021-11-05 02:00:06',	'2021-11-05 02:00:06'),
(800,	8,	1,	33,	1,	0,	5.00,	'2021-11-05 02:00:07',	'2021-11-05 02:00:07'),
(801,	9,	1,	30,	2,	0,	5.00,	'2021-11-05 02:00:07',	'2021-11-05 02:00:07'),
(802,	10,	1,	67,	2,	0,	5.00,	'2021-11-05 02:00:08',	'2021-11-05 02:00:08'),
(803,	11,	1,	240,	2,	0,	5.00,	'2021-11-05 02:00:08',	'2021-11-05 02:00:08'),
(804,	12,	1,	27,	3,	0,	5.00,	'2021-11-05 02:00:09',	'2021-11-05 02:00:09'),
(805,	13,	1,	40,	1,	0,	5.00,	'2021-11-05 02:00:09',	'2021-11-05 02:00:09'),
(806,	14,	1,	106,	2,	0,	5.00,	'2021-11-05 02:00:10',	'2021-11-05 02:00:10'),
(807,	15,	1,	215,	5,	1,	4.33,	'2021-11-05 02:00:10',	'2021-11-05 02:00:10'),
(808,	16,	1,	92,	0,	0,	0.00,	'2021-11-05 02:00:11',	'2021-11-05 02:00:11'),
(809,	17,	1,	17,	2,	0,	5.00,	'2021-11-05 02:00:12',	'2021-11-05 02:00:12'),
(810,	18,	1,	38,	2,	1,	3.67,	'2021-11-05 02:00:12',	'2021-11-05 02:00:12'),
(811,	1,	1,	21,	2,	0,	5.00,	'2021-11-05 02:30:02',	'2021-11-05 02:30:02'),
(812,	2,	1,	33,	2,	0,	5.00,	'2021-11-05 02:30:02',	'2021-11-05 02:30:02'),
(813,	3,	1,	22,	2,	0,	5.00,	'2021-11-05 02:30:03',	'2021-11-05 02:30:03'),
(814,	4,	1,	19,	4,	1,	4.20,	'2021-11-05 02:30:04',	'2021-11-05 02:30:04'),
(815,	5,	1,	16,	2,	0,	5.00,	'2021-11-05 02:30:04',	'2021-11-05 02:30:04'),
(816,	6,	1,	20,	2,	0,	5.00,	'2021-11-05 02:30:05',	'2021-11-05 02:30:05'),
(817,	7,	1,	18,	1,	0,	5.00,	'2021-11-05 02:30:05',	'2021-11-05 02:30:05'),
(818,	8,	1,	33,	1,	0,	5.00,	'2021-11-05 02:30:06',	'2021-11-05 02:30:06'),
(819,	9,	1,	30,	2,	0,	5.00,	'2021-11-05 02:30:06',	'2021-11-05 02:30:06'),
(820,	10,	1,	67,	2,	0,	5.00,	'2021-11-05 02:30:07',	'2021-11-05 02:30:07'),
(821,	11,	1,	240,	2,	0,	5.00,	'2021-11-05 02:30:07',	'2021-11-05 02:30:07'),
(822,	12,	1,	28,	3,	0,	5.00,	'2021-11-05 02:30:08',	'2021-11-05 02:30:08'),
(823,	13,	1,	40,	1,	0,	5.00,	'2021-11-05 02:30:08',	'2021-11-05 02:30:08'),
(824,	14,	1,	106,	2,	0,	5.00,	'2021-11-05 02:30:09',	'2021-11-05 02:30:09'),
(825,	15,	1,	215,	5,	1,	4.33,	'2021-11-05 02:30:10',	'2021-11-05 02:30:10'),
(826,	16,	1,	92,	0,	0,	0.00,	'2021-11-05 02:30:10',	'2021-11-05 02:30:10'),
(827,	17,	1,	17,	2,	0,	5.00,	'2021-11-05 02:30:11',	'2021-11-05 02:30:11'),
(828,	18,	1,	38,	2,	1,	3.67,	'2021-11-05 02:30:11',	'2021-11-05 02:30:11'),
(829,	1,	1,	21,	2,	0,	5.00,	'2021-11-05 03:00:02',	'2021-11-05 03:00:02'),
(830,	2,	1,	33,	2,	0,	5.00,	'2021-11-05 03:00:03',	'2021-11-05 03:00:03'),
(831,	3,	1,	22,	2,	0,	5.00,	'2021-11-05 03:00:03',	'2021-11-05 03:00:03'),
(832,	4,	1,	19,	4,	1,	4.20,	'2021-11-05 03:00:04',	'2021-11-05 03:00:04'),
(833,	5,	1,	16,	2,	0,	5.00,	'2021-11-05 03:00:05',	'2021-11-05 03:00:05'),
(834,	6,	1,	20,	2,	0,	5.00,	'2021-11-05 03:00:05',	'2021-11-05 03:00:05'),
(835,	7,	1,	18,	1,	0,	5.00,	'2021-11-05 03:00:06',	'2021-11-05 03:00:06'),
(836,	8,	1,	33,	1,	0,	5.00,	'2021-11-05 03:00:06',	'2021-11-05 03:00:06'),
(837,	9,	1,	30,	2,	0,	5.00,	'2021-11-05 03:00:07',	'2021-11-05 03:00:07'),
(838,	10,	1,	67,	2,	0,	5.00,	'2021-11-05 03:00:07',	'2021-11-05 03:00:07'),
(839,	11,	1,	240,	2,	0,	5.00,	'2021-11-05 03:00:08',	'2021-11-05 03:00:08'),
(840,	12,	1,	28,	3,	0,	5.00,	'2021-11-05 03:00:08',	'2021-11-05 03:00:08'),
(841,	13,	1,	40,	1,	0,	5.00,	'2021-11-05 03:00:09',	'2021-11-05 03:00:09'),
(842,	14,	1,	106,	2,	0,	5.00,	'2021-11-05 03:00:10',	'2021-11-05 03:00:10'),
(843,	15,	1,	215,	5,	1,	4.33,	'2021-11-05 03:00:10',	'2021-11-05 03:00:10'),
(844,	16,	1,	92,	0,	0,	0.00,	'2021-11-05 03:00:11',	'2021-11-05 03:00:11'),
(845,	17,	1,	17,	2,	0,	5.00,	'2021-11-05 03:00:11',	'2021-11-05 03:00:11'),
(846,	18,	1,	38,	2,	1,	3.67,	'2021-11-05 03:00:12',	'2021-11-05 03:00:12'),
(847,	1,	1,	21,	2,	0,	5.00,	'2021-11-05 03:30:02',	'2021-11-05 03:30:02'),
(848,	2,	1,	33,	2,	0,	5.00,	'2021-11-05 03:30:03',	'2021-11-05 03:30:03'),
(849,	3,	1,	22,	2,	0,	5.00,	'2021-11-05 03:30:03',	'2021-11-05 03:30:03'),
(850,	4,	1,	19,	4,	1,	4.20,	'2021-11-05 03:30:04',	'2021-11-05 03:30:04'),
(851,	5,	1,	16,	2,	0,	5.00,	'2021-11-05 03:30:04',	'2021-11-05 03:30:04'),
(852,	6,	1,	20,	2,	0,	5.00,	'2021-11-05 03:30:05',	'2021-11-05 03:30:05'),
(853,	7,	1,	18,	1,	0,	5.00,	'2021-11-05 03:30:05',	'2021-11-05 03:30:05'),
(854,	8,	1,	33,	1,	0,	5.00,	'2021-11-05 03:30:06',	'2021-11-05 03:30:06'),
(855,	9,	1,	30,	2,	0,	5.00,	'2021-11-05 03:30:06',	'2021-11-05 03:30:06'),
(856,	10,	1,	67,	2,	0,	5.00,	'2021-11-05 03:30:07',	'2021-11-05 03:30:07'),
(857,	11,	1,	240,	2,	0,	5.00,	'2021-11-05 03:30:07',	'2021-11-05 03:30:07'),
(858,	12,	1,	28,	3,	0,	5.00,	'2021-11-05 03:30:08',	'2021-11-05 03:30:08'),
(859,	13,	1,	40,	1,	0,	5.00,	'2021-11-05 03:30:08',	'2021-11-05 03:30:08'),
(860,	14,	1,	106,	2,	0,	5.00,	'2021-11-05 03:30:09',	'2021-11-05 03:30:09'),
(861,	15,	1,	215,	5,	1,	4.33,	'2021-11-05 03:30:10',	'2021-11-05 03:30:10'),
(862,	16,	1,	92,	0,	0,	0.00,	'2021-11-05 03:30:10',	'2021-11-05 03:30:10'),
(863,	17,	1,	17,	2,	0,	5.00,	'2021-11-05 03:30:11',	'2021-11-05 03:30:11'),
(864,	18,	1,	38,	2,	1,	3.67,	'2021-11-05 03:30:11',	'2021-11-05 03:30:11'),
(865,	1,	1,	21,	2,	0,	5.00,	'2021-11-05 04:00:03',	'2021-11-05 04:00:03'),
(866,	2,	1,	33,	2,	0,	5.00,	'2021-11-05 04:00:04',	'2021-11-05 04:00:04'),
(867,	3,	1,	22,	2,	0,	5.00,	'2021-11-05 04:00:04',	'2021-11-05 04:00:04'),
(868,	4,	1,	19,	4,	1,	4.20,	'2021-11-05 04:00:05',	'2021-11-05 04:00:05'),
(869,	5,	1,	16,	2,	0,	5.00,	'2021-11-05 04:00:05',	'2021-11-05 04:00:05'),
(870,	6,	1,	20,	2,	0,	5.00,	'2021-11-05 04:00:06',	'2021-11-05 04:00:06'),
(871,	7,	1,	18,	1,	0,	5.00,	'2021-11-05 04:00:06',	'2021-11-05 04:00:06'),
(872,	8,	1,	33,	1,	0,	5.00,	'2021-11-05 04:00:07',	'2021-11-05 04:00:07'),
(873,	9,	1,	30,	2,	0,	5.00,	'2021-11-05 04:00:07',	'2021-11-05 04:00:07'),
(874,	10,	1,	67,	2,	0,	5.00,	'2021-11-05 04:00:08',	'2021-11-05 04:00:08'),
(875,	11,	1,	251,	2,	0,	5.00,	'2021-11-05 04:00:08',	'2021-11-05 04:00:08'),
(876,	12,	1,	28,	3,	0,	5.00,	'2021-11-05 04:00:09',	'2021-11-05 04:00:09'),
(877,	13,	1,	40,	1,	0,	5.00,	'2021-11-05 04:00:09',	'2021-11-05 04:00:09'),
(878,	14,	1,	106,	2,	0,	5.00,	'2021-11-05 04:00:10',	'2021-11-05 04:00:10'),
(879,	15,	1,	215,	5,	1,	4.33,	'2021-11-05 04:00:10',	'2021-11-05 04:00:10'),
(880,	16,	1,	97,	0,	0,	0.00,	'2021-11-05 04:00:11',	'2021-11-05 04:00:11'),
(881,	17,	1,	17,	2,	0,	5.00,	'2021-11-05 04:00:12',	'2021-11-05 04:00:12'),
(882,	18,	1,	38,	2,	1,	3.67,	'2021-11-05 04:00:12',	'2021-11-05 04:00:12'),
(883,	1,	1,	21,	2,	0,	5.00,	'2021-11-05 04:30:02',	'2021-11-05 04:30:02'),
(884,	2,	1,	33,	2,	0,	5.00,	'2021-11-05 04:30:03',	'2021-11-05 04:30:03'),
(885,	3,	1,	22,	2,	0,	5.00,	'2021-11-05 04:30:03',	'2021-11-05 04:30:03'),
(886,	4,	1,	19,	4,	1,	4.20,	'2021-11-05 04:30:04',	'2021-11-05 04:30:04'),
(887,	5,	1,	17,	2,	0,	5.00,	'2021-11-05 04:30:04',	'2021-11-05 04:30:04'),
(888,	6,	1,	20,	2,	0,	5.00,	'2021-11-05 04:30:05',	'2021-11-05 04:30:05'),
(889,	7,	1,	18,	1,	0,	5.00,	'2021-11-05 04:30:05',	'2021-11-05 04:30:05'),
(890,	8,	1,	33,	1,	0,	5.00,	'2021-11-05 04:30:06',	'2021-11-05 04:30:06'),
(891,	9,	1,	30,	2,	0,	5.00,	'2021-11-05 04:30:07',	'2021-11-05 04:30:07'),
(892,	10,	1,	67,	2,	0,	5.00,	'2021-11-05 04:30:07',	'2021-11-05 04:30:07'),
(893,	11,	1,	240,	2,	0,	5.00,	'2021-11-05 04:30:08',	'2021-11-05 04:30:08'),
(894,	12,	1,	28,	3,	0,	5.00,	'2021-11-05 04:30:08',	'2021-11-05 04:30:08'),
(895,	13,	1,	40,	1,	0,	5.00,	'2021-11-05 04:30:09',	'2021-11-05 04:30:09'),
(896,	14,	1,	106,	2,	0,	5.00,	'2021-11-05 04:30:09',	'2021-11-05 04:30:09'),
(897,	15,	1,	215,	5,	1,	4.33,	'2021-11-05 04:30:10',	'2021-11-05 04:30:10'),
(898,	16,	1,	97,	0,	0,	0.00,	'2021-11-05 04:30:10',	'2021-11-05 04:30:10'),
(899,	17,	1,	17,	2,	0,	5.00,	'2021-11-05 04:30:11',	'2021-11-05 04:30:11'),
(900,	18,	1,	38,	2,	1,	3.67,	'2021-11-05 04:30:12',	'2021-11-05 04:30:12'),
(901,	1,	1,	21,	2,	0,	5.00,	'2021-11-05 05:00:03',	'2021-11-05 05:00:03'),
(902,	2,	1,	33,	2,	0,	5.00,	'2021-11-05 05:00:03',	'2021-11-05 05:00:03'),
(903,	3,	1,	22,	2,	0,	5.00,	'2021-11-05 05:00:04',	'2021-11-05 05:00:04'),
(904,	4,	1,	19,	4,	1,	4.20,	'2021-11-05 05:00:04',	'2021-11-05 05:00:04'),
(905,	5,	1,	16,	2,	0,	5.00,	'2021-11-05 05:00:05',	'2021-11-05 05:00:05'),
(906,	6,	1,	20,	2,	0,	5.00,	'2021-11-05 05:00:06',	'2021-11-05 05:00:06'),
(907,	7,	1,	18,	1,	0,	5.00,	'2021-11-05 05:00:06',	'2021-11-05 05:00:06'),
(908,	8,	1,	33,	1,	0,	5.00,	'2021-11-05 05:00:07',	'2021-11-05 05:00:07'),
(909,	9,	1,	30,	2,	0,	5.00,	'2021-11-05 05:00:07',	'2021-11-05 05:00:07'),
(910,	10,	1,	67,	2,	0,	5.00,	'2021-11-05 05:00:08',	'2021-11-05 05:00:08'),
(911,	11,	1,	251,	2,	0,	5.00,	'2021-11-05 05:00:08',	'2021-11-05 05:00:08'),
(912,	12,	1,	28,	3,	0,	5.00,	'2021-11-05 05:00:09',	'2021-11-05 05:00:09'),
(913,	13,	1,	40,	1,	0,	5.00,	'2021-11-05 05:00:09',	'2021-11-05 05:00:09'),
(914,	14,	1,	106,	2,	0,	5.00,	'2021-11-05 05:00:10',	'2021-11-05 05:00:10'),
(915,	15,	1,	215,	5,	1,	4.33,	'2021-11-05 05:00:11',	'2021-11-05 05:00:11'),
(916,	16,	1,	97,	0,	0,	0.00,	'2021-11-05 05:00:11',	'2021-11-05 05:00:11'),
(917,	17,	1,	17,	2,	0,	5.00,	'2021-11-05 05:00:12',	'2021-11-05 05:00:12'),
(918,	18,	1,	38,	2,	1,	3.67,	'2021-11-05 05:00:12',	'2021-11-05 05:00:12'),
(919,	1,	1,	21,	2,	0,	5.00,	'2021-11-05 05:30:02',	'2021-11-05 05:30:02'),
(920,	2,	1,	33,	2,	0,	5.00,	'2021-11-05 05:30:03',	'2021-11-05 05:30:03'),
(921,	3,	1,	22,	2,	0,	5.00,	'2021-11-05 05:30:03',	'2021-11-05 05:30:03'),
(922,	4,	1,	19,	4,	1,	4.20,	'2021-11-05 05:30:04',	'2021-11-05 05:30:04'),
(923,	5,	1,	17,	2,	0,	5.00,	'2021-11-05 05:30:04',	'2021-11-05 05:30:04'),
(924,	6,	1,	20,	2,	0,	5.00,	'2021-11-05 05:30:05',	'2021-11-05 05:30:05'),
(925,	7,	1,	18,	1,	0,	5.00,	'2021-11-05 05:30:05',	'2021-11-05 05:30:05'),
(926,	8,	1,	33,	1,	0,	5.00,	'2021-11-05 05:30:06',	'2021-11-05 05:30:06'),
(927,	9,	1,	30,	2,	0,	5.00,	'2021-11-05 05:30:07',	'2021-11-05 05:30:07'),
(928,	10,	1,	67,	2,	0,	5.00,	'2021-11-05 05:30:07',	'2021-11-05 05:30:07'),
(929,	11,	1,	251,	2,	0,	5.00,	'2021-11-05 05:30:08',	'2021-11-05 05:30:08'),
(930,	12,	1,	29,	3,	0,	5.00,	'2021-11-05 05:30:08',	'2021-11-05 05:30:08'),
(931,	13,	1,	40,	1,	0,	5.00,	'2021-11-05 05:30:09',	'2021-11-05 05:30:09'),
(932,	14,	1,	106,	2,	0,	5.00,	'2021-11-05 05:30:09',	'2021-11-05 05:30:09'),
(933,	15,	1,	215,	5,	1,	4.33,	'2021-11-05 05:30:10',	'2021-11-05 05:30:10'),
(934,	16,	1,	106,	0,	0,	0.00,	'2021-11-05 05:30:10',	'2021-11-05 05:30:10'),
(935,	17,	1,	17,	2,	0,	5.00,	'2021-11-05 05:30:11',	'2021-11-05 05:30:11'),
(936,	18,	1,	38,	2,	1,	3.67,	'2021-11-05 05:30:12',	'2021-11-05 05:30:12'),
(937,	1,	1,	21,	2,	0,	5.00,	'2021-11-05 06:00:03',	'2021-11-05 06:00:03'),
(938,	2,	1,	33,	2,	0,	5.00,	'2021-11-05 06:00:03',	'2021-11-05 06:00:03'),
(939,	3,	1,	22,	2,	0,	5.00,	'2021-11-05 06:00:04',	'2021-11-05 06:00:04'),
(940,	4,	1,	19,	4,	1,	4.20,	'2021-11-05 06:00:04',	'2021-11-05 06:00:04'),
(941,	5,	1,	17,	2,	0,	5.00,	'2021-11-05 06:00:05',	'2021-11-05 06:00:05'),
(942,	6,	1,	20,	2,	0,	5.00,	'2021-11-05 06:00:05',	'2021-11-05 06:00:05'),
(943,	7,	1,	18,	1,	0,	5.00,	'2021-11-05 06:00:06',	'2021-11-05 06:00:06'),
(944,	8,	1,	33,	1,	0,	5.00,	'2021-11-05 06:00:06',	'2021-11-05 06:00:06'),
(945,	9,	1,	30,	2,	0,	5.00,	'2021-11-05 06:00:07',	'2021-11-05 06:00:07'),
(946,	10,	1,	67,	2,	0,	5.00,	'2021-11-05 06:00:08',	'2021-11-05 06:00:08'),
(947,	11,	1,	255,	2,	0,	5.00,	'2021-11-05 06:00:08',	'2021-11-05 06:00:08'),
(948,	12,	1,	29,	3,	0,	5.00,	'2021-11-05 06:00:09',	'2021-11-05 06:00:09'),
(949,	13,	1,	40,	1,	0,	5.00,	'2021-11-05 06:00:09',	'2021-11-05 06:00:09'),
(950,	14,	1,	106,	2,	0,	5.00,	'2021-11-05 06:00:10',	'2021-11-05 06:00:10'),
(951,	15,	1,	215,	5,	1,	4.33,	'2021-11-05 06:00:11',	'2021-11-05 06:00:11'),
(952,	16,	1,	93,	0,	0,	0.00,	'2021-11-05 06:00:11',	'2021-11-05 06:00:11'),
(953,	17,	1,	17,	2,	0,	5.00,	'2021-11-05 06:00:12',	'2021-11-05 06:00:12'),
(954,	18,	1,	39,	2,	1,	3.67,	'2021-11-05 06:00:12',	'2021-11-05 06:00:12'),
(955,	1,	1,	21,	2,	0,	5.00,	'2021-11-05 06:30:02',	'2021-11-05 06:30:02'),
(956,	2,	1,	33,	2,	0,	5.00,	'2021-11-05 06:30:03',	'2021-11-05 06:30:03'),
(957,	3,	1,	22,	2,	0,	5.00,	'2021-11-05 06:30:03',	'2021-11-05 06:30:03'),
(958,	4,	1,	19,	4,	1,	4.20,	'2021-11-05 06:30:04',	'2021-11-05 06:30:04'),
(959,	5,	1,	17,	2,	0,	5.00,	'2021-11-05 06:30:05',	'2021-11-05 06:30:05'),
(960,	6,	1,	20,	2,	0,	5.00,	'2021-11-05 06:30:05',	'2021-11-05 06:30:05'),
(961,	7,	1,	18,	1,	0,	5.00,	'2021-11-05 06:30:06',	'2021-11-05 06:30:06'),
(962,	8,	1,	33,	1,	0,	5.00,	'2021-11-05 06:30:06',	'2021-11-05 06:30:06'),
(963,	9,	1,	30,	2,	0,	5.00,	'2021-11-05 06:30:07',	'2021-11-05 06:30:07'),
(964,	10,	1,	67,	2,	0,	5.00,	'2021-11-05 06:30:07',	'2021-11-05 06:30:07'),
(965,	11,	1,	255,	2,	0,	5.00,	'2021-11-05 06:30:08',	'2021-11-05 06:30:08'),
(966,	12,	1,	29,	3,	0,	5.00,	'2021-11-05 06:30:08',	'2021-11-05 06:30:08'),
(967,	13,	1,	40,	1,	0,	5.00,	'2021-11-05 06:30:09',	'2021-11-05 06:30:09'),
(968,	14,	1,	106,	2,	0,	5.00,	'2021-11-05 06:30:10',	'2021-11-05 06:30:10'),
(969,	15,	1,	215,	5,	1,	4.33,	'2021-11-05 06:30:10',	'2021-11-05 06:30:10'),
(970,	16,	1,	106,	0,	0,	0.00,	'2021-11-05 06:30:11',	'2021-11-05 06:30:11'),
(971,	17,	1,	17,	2,	0,	5.00,	'2021-11-05 06:30:11',	'2021-11-05 06:30:11'),
(972,	18,	1,	39,	2,	1,	3.67,	'2021-11-05 06:30:12',	'2021-11-05 06:30:12'),
(973,	1,	1,	21,	2,	0,	5.00,	'2021-11-05 07:00:02',	'2021-11-05 07:00:02'),
(974,	2,	1,	33,	2,	0,	5.00,	'2021-11-05 07:00:03',	'2021-11-05 07:00:03'),
(975,	3,	1,	22,	2,	0,	5.00,	'2021-11-05 07:00:03',	'2021-11-05 07:00:03'),
(976,	4,	1,	23,	4,	1,	4.20,	'2021-11-05 07:00:04',	'2021-11-05 07:00:04'),
(977,	5,	1,	17,	2,	0,	5.00,	'2021-11-05 07:00:04',	'2021-11-05 07:00:04'),
(978,	6,	1,	20,	2,	0,	5.00,	'2021-11-05 07:00:05',	'2021-11-05 07:00:05'),
(979,	7,	1,	18,	1,	0,	5.00,	'2021-11-05 07:00:05',	'2021-11-05 07:00:05'),
(980,	8,	1,	33,	1,	0,	5.00,	'2021-11-05 07:00:06',	'2021-11-05 07:00:06'),
(981,	9,	1,	30,	2,	0,	5.00,	'2021-11-05 07:00:07',	'2021-11-05 07:00:07'),
(982,	10,	1,	67,	2,	0,	5.00,	'2021-11-05 07:00:07',	'2021-11-05 07:00:07'),
(983,	11,	1,	255,	2,	0,	5.00,	'2021-11-05 07:00:08',	'2021-11-05 07:00:08'),
(984,	12,	1,	29,	3,	0,	5.00,	'2021-11-05 07:00:08',	'2021-11-05 07:00:08'),
(985,	13,	1,	40,	1,	0,	5.00,	'2021-11-05 07:00:09',	'2021-11-05 07:00:09'),
(986,	14,	1,	106,	2,	0,	5.00,	'2021-11-05 07:00:10',	'2021-11-05 07:00:10'),
(987,	15,	1,	215,	5,	1,	4.33,	'2021-11-05 07:00:10',	'2021-11-05 07:00:10'),
(988,	16,	1,	108,	0,	0,	0.00,	'2021-11-05 07:00:11',	'2021-11-05 07:00:11'),
(989,	17,	1,	17,	2,	0,	5.00,	'2021-11-05 07:00:11',	'2021-11-05 07:00:11'),
(990,	18,	1,	39,	2,	1,	3.67,	'2021-11-05 07:00:12',	'2021-11-05 07:00:12'),
(991,	1,	1,	22,	2,	0,	5.00,	'2021-11-05 07:30:03',	'2021-11-05 07:30:03'),
(992,	2,	1,	34,	2,	0,	5.00,	'2021-11-05 07:30:03',	'2021-11-05 07:30:03'),
(993,	3,	1,	22,	2,	0,	5.00,	'2021-11-05 07:30:04',	'2021-11-05 07:30:04'),
(994,	4,	1,	23,	4,	1,	4.20,	'2021-11-05 07:30:04',	'2021-11-05 07:30:04'),
(995,	5,	1,	17,	2,	0,	5.00,	'2021-11-05 07:30:05',	'2021-11-05 07:30:05'),
(996,	6,	1,	20,	2,	0,	5.00,	'2021-11-05 07:30:05',	'2021-11-05 07:30:05'),
(997,	7,	1,	18,	1,	0,	5.00,	'2021-11-05 07:30:06',	'2021-11-05 07:30:06'),
(998,	8,	1,	33,	1,	0,	5.00,	'2021-11-05 07:30:06',	'2021-11-05 07:30:06'),
(999,	9,	1,	30,	2,	0,	5.00,	'2021-11-05 07:30:07',	'2021-11-05 07:30:07'),
(1000,	10,	1,	67,	2,	0,	5.00,	'2021-11-05 07:30:07',	'2021-11-05 07:30:07'),
(1001,	11,	1,	256,	2,	0,	5.00,	'2021-11-05 07:30:08',	'2021-11-05 07:30:08'),
(1002,	12,	1,	29,	3,	0,	5.00,	'2021-11-05 07:30:13',	'2021-11-05 07:30:13'),
(1003,	13,	1,	40,	1,	0,	5.00,	'2021-11-05 07:30:14',	'2021-11-05 07:30:14'),
(1004,	14,	1,	106,	2,	0,	5.00,	'2021-11-05 07:30:15',	'2021-11-05 07:30:15'),
(1005,	15,	1,	215,	5,	1,	4.33,	'2021-11-05 07:30:15',	'2021-11-05 07:30:15'),
(1006,	16,	1,	108,	0,	0,	0.00,	'2021-11-05 07:30:16',	'2021-11-05 07:30:16'),
(1007,	17,	1,	17,	2,	0,	5.00,	'2021-11-05 07:30:16',	'2021-11-05 07:30:16'),
(1008,	18,	1,	39,	2,	1,	3.67,	'2021-11-05 07:30:17',	'2021-11-05 07:30:17'),
(1009,	1,	1,	23,	2,	0,	5.00,	'2021-11-05 08:00:02',	'2021-11-05 08:00:02'),
(1010,	2,	1,	33,	2,	0,	5.00,	'2021-11-05 08:00:02',	'2021-11-05 08:00:02'),
(1011,	3,	1,	22,	2,	0,	5.00,	'2021-11-05 08:00:03',	'2021-11-05 08:00:03'),
(1012,	4,	1,	23,	4,	1,	4.20,	'2021-11-05 08:00:04',	'2021-11-05 08:00:04'),
(1013,	5,	1,	17,	2,	0,	5.00,	'2021-11-05 08:00:04',	'2021-11-05 08:00:04'),
(1014,	6,	1,	20,	2,	0,	5.00,	'2021-11-05 08:00:05',	'2021-11-05 08:00:05'),
(1015,	7,	1,	18,	1,	0,	5.00,	'2021-11-05 08:00:05',	'2021-11-05 08:00:05'),
(1016,	8,	1,	33,	1,	0,	5.00,	'2021-11-05 08:00:06',	'2021-11-05 08:00:06'),
(1017,	9,	1,	31,	2,	0,	5.00,	'2021-11-05 08:00:06',	'2021-11-05 08:00:06'),
(1018,	10,	1,	67,	2,	0,	5.00,	'2021-11-05 08:00:07',	'2021-11-05 08:00:07'),
(1019,	11,	1,	256,	2,	0,	5.00,	'2021-11-05 08:00:07',	'2021-11-05 08:00:07'),
(1020,	12,	1,	29,	3,	0,	5.00,	'2021-11-05 08:00:08',	'2021-11-05 08:00:08'),
(1021,	13,	1,	40,	1,	0,	5.00,	'2021-11-05 08:00:08',	'2021-11-05 08:00:08'),
(1022,	14,	1,	106,	2,	0,	5.00,	'2021-11-05 08:00:09',	'2021-11-05 08:00:09'),
(1023,	15,	1,	215,	5,	1,	4.33,	'2021-11-05 08:00:10',	'2021-11-05 08:00:10'),
(1024,	16,	1,	111,	0,	0,	0.00,	'2021-11-05 08:00:10',	'2021-11-05 08:00:10'),
(1025,	17,	1,	17,	2,	0,	5.00,	'2021-11-05 08:00:11',	'2021-11-05 08:00:11'),
(1026,	18,	1,	40,	2,	1,	3.67,	'2021-11-05 08:00:11',	'2021-11-05 08:00:11'),
(1027,	1,	1,	23,	2,	0,	5.00,	'2021-11-05 08:30:02',	'2021-11-05 08:30:02'),
(1028,	2,	1,	34,	2,	0,	5.00,	'2021-11-05 08:30:03',	'2021-11-05 08:30:03'),
(1029,	3,	1,	22,	2,	0,	5.00,	'2021-11-05 08:30:03',	'2021-11-05 08:30:03'),
(1030,	4,	1,	19,	4,	1,	4.20,	'2021-11-05 08:30:04',	'2021-11-05 08:30:04'),
(1031,	5,	1,	17,	2,	0,	5.00,	'2021-11-05 08:30:04',	'2021-11-05 08:30:04'),
(1032,	6,	1,	20,	2,	0,	5.00,	'2021-11-05 08:30:05',	'2021-11-05 08:30:05'),
(1033,	7,	1,	18,	1,	0,	5.00,	'2021-11-05 08:30:05',	'2021-11-05 08:30:05'),
(1034,	8,	1,	33,	1,	0,	5.00,	'2021-11-05 08:30:06',	'2021-11-05 08:30:06'),
(1035,	9,	1,	31,	2,	0,	5.00,	'2021-11-05 08:30:07',	'2021-11-05 08:30:07'),
(1036,	10,	1,	67,	2,	0,	5.00,	'2021-11-05 08:30:07',	'2021-11-05 08:30:07'),
(1037,	11,	1,	255,	2,	0,	5.00,	'2021-11-05 08:30:08',	'2021-11-05 08:30:08'),
(1038,	12,	1,	29,	3,	0,	5.00,	'2021-11-05 08:30:08',	'2021-11-05 08:30:08'),
(1039,	13,	1,	40,	1,	0,	5.00,	'2021-11-05 08:30:09',	'2021-11-05 08:30:09'),
(1040,	14,	1,	106,	2,	0,	5.00,	'2021-11-05 08:30:09',	'2021-11-05 08:30:09'),
(1041,	15,	1,	215,	5,	1,	4.33,	'2021-11-05 08:30:10',	'2021-11-05 08:30:10'),
(1042,	16,	1,	111,	0,	0,	0.00,	'2021-11-05 08:30:11',	'2021-11-05 08:30:11'),
(1043,	17,	1,	19,	2,	0,	5.00,	'2021-11-05 08:30:11',	'2021-11-05 08:30:11'),
(1044,	18,	1,	40,	2,	1,	3.67,	'2021-11-05 08:30:12',	'2021-11-05 08:30:12'),
(1045,	1,	1,	23,	2,	0,	5.00,	'2021-11-05 09:00:02',	'2021-11-05 09:00:02'),
(1046,	2,	1,	34,	2,	0,	5.00,	'2021-11-05 09:00:03',	'2021-11-05 09:00:03'),
(1047,	3,	1,	22,	2,	0,	5.00,	'2021-11-05 09:00:03',	'2021-11-05 09:00:03'),
(1048,	4,	1,	23,	4,	1,	4.20,	'2021-11-05 09:00:04',	'2021-11-05 09:00:04'),
(1049,	5,	1,	17,	2,	0,	5.00,	'2021-11-05 09:00:04',	'2021-11-05 09:00:04'),
(1050,	6,	1,	20,	2,	0,	5.00,	'2021-11-05 09:00:05',	'2021-11-05 09:00:05'),
(1051,	7,	1,	18,	1,	0,	5.00,	'2021-11-05 09:00:05',	'2021-11-05 09:00:05'),
(1052,	8,	1,	33,	1,	0,	5.00,	'2021-11-05 09:00:06',	'2021-11-05 09:00:06'),
(1053,	9,	1,	31,	2,	0,	5.00,	'2021-11-05 09:00:07',	'2021-11-05 09:00:07'),
(1054,	10,	1,	67,	2,	0,	5.00,	'2021-11-05 09:00:07',	'2021-11-05 09:00:07'),
(1055,	11,	1,	256,	2,	0,	5.00,	'2021-11-05 09:00:08',	'2021-11-05 09:00:08'),
(1056,	12,	1,	29,	3,	0,	5.00,	'2021-11-05 09:00:08',	'2021-11-05 09:00:08'),
(1057,	13,	1,	40,	1,	0,	5.00,	'2021-11-05 09:00:09',	'2021-11-05 09:00:09'),
(1058,	14,	1,	106,	2,	0,	5.00,	'2021-11-05 09:00:09',	'2021-11-05 09:00:09'),
(1059,	15,	1,	215,	5,	1,	4.33,	'2021-11-05 09:00:10',	'2021-11-05 09:00:10'),
(1060,	16,	1,	111,	0,	0,	0.00,	'2021-11-05 09:00:10',	'2021-11-05 09:00:10'),
(1061,	17,	1,	19,	2,	0,	5.00,	'2021-11-05 09:00:11',	'2021-11-05 09:00:11'),
(1062,	18,	1,	40,	2,	1,	3.67,	'2021-11-05 09:00:11',	'2021-11-05 09:00:11'),
(1063,	1,	1,	23,	2,	0,	5.00,	'2021-11-05 09:30:02',	'2021-11-05 09:30:02'),
(1064,	2,	1,	34,	2,	0,	5.00,	'2021-11-05 09:30:02',	'2021-11-05 09:30:02'),
(1065,	3,	1,	22,	2,	0,	5.00,	'2021-11-05 09:30:03',	'2021-11-05 09:30:03'),
(1066,	4,	1,	23,	4,	1,	4.20,	'2021-11-05 09:30:04',	'2021-11-05 09:30:04'),
(1067,	5,	1,	17,	2,	0,	5.00,	'2021-11-05 09:30:04',	'2021-11-05 09:30:04'),
(1068,	6,	1,	20,	2,	0,	5.00,	'2021-11-05 09:30:05',	'2021-11-05 09:30:05'),
(1069,	7,	1,	18,	1,	0,	5.00,	'2021-11-05 09:30:05',	'2021-11-05 09:30:05'),
(1070,	8,	1,	33,	1,	0,	5.00,	'2021-11-05 09:30:06',	'2021-11-05 09:30:06'),
(1071,	9,	1,	31,	2,	0,	5.00,	'2021-11-05 09:30:06',	'2021-11-05 09:30:06'),
(1072,	10,	1,	67,	2,	0,	5.00,	'2021-11-05 09:30:07',	'2021-11-05 09:30:07'),
(1073,	11,	1,	256,	2,	0,	5.00,	'2021-11-05 09:30:07',	'2021-11-05 09:30:07'),
(1074,	12,	1,	29,	3,	0,	5.00,	'2021-11-05 09:30:08',	'2021-11-05 09:30:08'),
(1075,	13,	1,	40,	1,	0,	5.00,	'2021-11-05 09:30:09',	'2021-11-05 09:30:09'),
(1076,	14,	1,	106,	2,	0,	5.00,	'2021-11-05 09:30:09',	'2021-11-05 09:30:09'),
(1077,	15,	1,	215,	5,	1,	4.33,	'2021-11-05 09:30:10',	'2021-11-05 09:30:10'),
(1078,	16,	1,	114,	2,	1,	3.67,	'2021-11-05 09:30:10',	'2021-11-05 09:30:10'),
(1079,	17,	1,	19,	2,	0,	5.00,	'2021-11-05 09:30:11',	'2021-11-05 09:30:11'),
(1080,	18,	1,	40,	2,	1,	3.67,	'2021-11-05 09:30:12',	'2021-11-05 09:30:12'),
(1081,	1,	1,	23,	2,	0,	5.00,	'2021-11-05 10:00:02',	'2021-11-05 10:00:02'),
(1082,	2,	1,	34,	2,	0,	5.00,	'2021-11-05 10:00:03',	'2021-11-05 10:00:03'),
(1083,	3,	1,	22,	2,	0,	5.00,	'2021-11-05 10:00:03',	'2021-11-05 10:00:03'),
(1084,	4,	1,	23,	4,	1,	4.20,	'2021-11-05 10:00:04',	'2021-11-05 10:00:04'),
(1085,	5,	1,	17,	2,	0,	5.00,	'2021-11-05 10:00:04',	'2021-11-05 10:00:04'),
(1086,	6,	1,	20,	2,	0,	5.00,	'2021-11-05 10:00:05',	'2021-11-05 10:00:05'),
(1087,	7,	1,	18,	1,	0,	5.00,	'2021-11-05 10:00:05',	'2021-11-05 10:00:05'),
(1088,	8,	1,	33,	1,	0,	5.00,	'2021-11-05 10:00:06',	'2021-11-05 10:00:06'),
(1089,	9,	1,	31,	2,	0,	5.00,	'2021-11-05 10:00:06',	'2021-11-05 10:00:06'),
(1090,	10,	1,	67,	2,	0,	5.00,	'2021-11-05 10:00:07',	'2021-11-05 10:00:07'),
(1091,	11,	1,	256,	2,	0,	5.00,	'2021-11-05 10:00:08',	'2021-11-05 10:00:08'),
(1092,	12,	1,	29,	3,	0,	5.00,	'2021-11-05 10:00:08',	'2021-11-05 10:00:08'),
(1093,	13,	1,	40,	1,	0,	5.00,	'2021-11-05 10:00:09',	'2021-11-05 10:00:09'),
(1094,	14,	1,	106,	2,	0,	5.00,	'2021-11-05 10:00:09',	'2021-11-05 10:00:09'),
(1095,	15,	1,	215,	5,	1,	4.33,	'2021-11-05 10:00:10',	'2021-11-05 10:00:10'),
(1096,	16,	1,	114,	2,	1,	3.67,	'2021-11-05 10:00:10',	'2021-11-05 10:00:10'),
(1097,	17,	1,	19,	2,	0,	5.00,	'2021-11-05 10:00:11',	'2021-11-05 10:00:11'),
(1098,	18,	1,	40,	2,	1,	3.67,	'2021-11-05 10:00:12',	'2021-11-05 10:00:12'),
(1099,	1,	1,	23,	2,	0,	5.00,	'2021-11-05 10:30:02',	'2021-11-05 10:30:02'),
(1100,	2,	1,	34,	2,	0,	5.00,	'2021-11-05 10:30:03',	'2021-11-05 10:30:03'),
(1101,	3,	1,	22,	2,	0,	5.00,	'2021-11-05 10:30:03',	'2021-11-05 10:30:03'),
(1102,	4,	1,	23,	4,	1,	4.20,	'2021-11-05 10:30:04',	'2021-11-05 10:30:04'),
(1103,	5,	1,	17,	2,	0,	5.00,	'2021-11-05 10:30:05',	'2021-11-05 10:30:05'),
(1104,	6,	1,	20,	2,	0,	5.00,	'2021-11-05 10:30:05',	'2021-11-05 10:30:05'),
(1105,	7,	1,	18,	1,	0,	5.00,	'2021-11-05 10:30:06',	'2021-11-05 10:30:06'),
(1106,	8,	1,	33,	1,	0,	5.00,	'2021-11-05 10:30:06',	'2021-11-05 10:30:06'),
(1107,	9,	1,	31,	2,	0,	5.00,	'2021-11-05 10:30:07',	'2021-11-05 10:30:07'),
(1108,	10,	1,	67,	2,	0,	5.00,	'2021-11-05 10:30:07',	'2021-11-05 10:30:07'),
(1109,	11,	1,	256,	2,	0,	5.00,	'2021-11-05 10:30:08',	'2021-11-05 10:30:08'),
(1110,	12,	1,	29,	1,	0,	5.00,	'2021-11-05 10:30:09',	'2021-11-05 10:30:09'),
(1111,	13,	1,	40,	1,	0,	5.00,	'2021-11-05 10:30:09',	'2021-11-05 10:30:09'),
(1112,	14,	1,	106,	2,	0,	5.00,	'2021-11-05 10:30:10',	'2021-11-05 10:30:10'),
(1113,	15,	1,	215,	5,	1,	4.33,	'2021-11-05 10:30:10',	'2021-11-05 10:30:10'),
(1114,	16,	1,	114,	2,	1,	3.67,	'2021-11-05 10:30:11',	'2021-11-05 10:30:11'),
(1115,	17,	1,	19,	2,	0,	5.00,	'2021-11-05 10:30:11',	'2021-11-05 10:30:11'),
(1116,	18,	1,	40,	2,	1,	3.67,	'2021-11-05 10:30:12',	'2021-11-05 10:30:12'),
(1117,	1,	1,	23,	2,	0,	5.00,	'2021-11-05 11:00:03',	'2021-11-05 11:00:03'),
(1118,	2,	1,	34,	2,	0,	5.00,	'2021-11-05 11:00:03',	'2021-11-05 11:00:03'),
(1119,	3,	1,	22,	2,	0,	5.00,	'2021-11-05 11:00:04',	'2021-11-05 11:00:04'),
(1120,	4,	1,	23,	4,	1,	4.20,	'2021-11-05 11:00:04',	'2021-11-05 11:00:04'),
(1121,	5,	1,	17,	2,	0,	5.00,	'2021-11-05 11:00:05',	'2021-11-05 11:00:05'),
(1122,	6,	1,	20,	2,	0,	5.00,	'2021-11-05 11:00:05',	'2021-11-05 11:00:05'),
(1123,	7,	1,	18,	1,	0,	5.00,	'2021-11-05 11:00:06',	'2021-11-05 11:00:06'),
(1124,	8,	1,	33,	1,	0,	5.00,	'2021-11-05 11:00:07',	'2021-11-05 11:00:07'),
(1125,	9,	1,	31,	2,	0,	5.00,	'2021-11-05 11:00:07',	'2021-11-05 11:00:07'),
(1126,	10,	1,	67,	2,	0,	5.00,	'2021-11-05 11:00:08',	'2021-11-05 11:00:08'),
(1127,	11,	1,	256,	2,	0,	5.00,	'2021-11-05 11:00:08',	'2021-11-05 11:00:08'),
(1128,	12,	1,	29,	3,	0,	5.00,	'2021-11-05 11:00:09',	'2021-11-05 11:00:09'),
(1129,	13,	1,	40,	1,	0,	5.00,	'2021-11-05 11:00:09',	'2021-11-05 11:00:09'),
(1130,	14,	1,	106,	2,	0,	5.00,	'2021-11-05 11:00:10',	'2021-11-05 11:00:10'),
(1131,	15,	1,	215,	5,	1,	4.33,	'2021-11-05 11:00:11',	'2021-11-05 11:00:11'),
(1132,	16,	1,	114,	2,	1,	3.67,	'2021-11-05 11:00:11',	'2021-11-05 11:00:11'),
(1133,	17,	1,	19,	2,	0,	5.00,	'2021-11-05 11:00:12',	'2021-11-05 11:00:12'),
(1134,	18,	1,	40,	2,	1,	3.67,	'2021-11-05 11:00:12',	'2021-11-05 11:00:12'),
(1135,	1,	1,	23,	2,	0,	5.00,	'2021-11-05 11:30:02',	'2021-11-05 11:30:02'),
(1136,	2,	1,	34,	2,	0,	5.00,	'2021-11-05 11:30:03',	'2021-11-05 11:30:03'),
(1137,	3,	1,	22,	2,	0,	5.00,	'2021-11-05 11:30:03',	'2021-11-05 11:30:03'),
(1138,	4,	1,	23,	4,	1,	4.20,	'2021-11-05 11:30:04',	'2021-11-05 11:30:04'),
(1139,	5,	1,	17,	2,	0,	5.00,	'2021-11-05 11:30:04',	'2021-11-05 11:30:04'),
(1140,	6,	1,	20,	2,	0,	5.00,	'2021-11-05 11:30:05',	'2021-11-05 11:30:05'),
(1141,	7,	1,	18,	1,	0,	5.00,	'2021-11-05 11:30:06',	'2021-11-05 11:30:06'),
(1142,	8,	1,	33,	1,	0,	5.00,	'2021-11-05 11:30:06',	'2021-11-05 11:30:06'),
(1143,	9,	1,	31,	2,	0,	5.00,	'2021-11-05 11:30:07',	'2021-11-05 11:30:07'),
(1144,	10,	1,	67,	2,	0,	5.00,	'2021-11-05 11:30:07',	'2021-11-05 11:30:07'),
(1145,	11,	1,	256,	2,	0,	5.00,	'2021-11-05 11:30:08',	'2021-11-05 11:30:08'),
(1146,	12,	1,	29,	1,	0,	5.00,	'2021-11-05 11:30:08',	'2021-11-05 11:30:08'),
(1147,	13,	1,	40,	1,	0,	5.00,	'2021-11-05 11:30:09',	'2021-11-05 11:30:09'),
(1148,	14,	1,	106,	2,	0,	5.00,	'2021-11-05 11:30:09',	'2021-11-05 11:30:09'),
(1149,	15,	1,	215,	5,	1,	4.33,	'2021-11-05 11:30:10',	'2021-11-05 11:30:10'),
(1150,	16,	1,	121,	2,	1,	3.67,	'2021-11-05 11:30:11',	'2021-11-05 11:30:11'),
(1151,	17,	1,	19,	2,	0,	5.00,	'2021-11-05 11:30:11',	'2021-11-05 11:30:11'),
(1152,	18,	1,	40,	2,	1,	3.67,	'2021-11-05 11:30:12',	'2021-11-05 11:30:12'),
(1153,	1,	1,	23,	2,	0,	5.00,	'2021-11-05 12:00:03',	'2021-11-05 12:00:03'),
(1154,	2,	1,	34,	2,	0,	5.00,	'2021-11-05 12:00:03',	'2021-11-05 12:00:03'),
(1155,	3,	1,	22,	2,	0,	5.00,	'2021-11-05 12:00:04',	'2021-11-05 12:00:04'),
(1156,	4,	1,	23,	4,	1,	4.20,	'2021-11-05 12:00:04',	'2021-11-05 12:00:04'),
(1157,	5,	1,	17,	2,	0,	5.00,	'2021-11-05 12:00:05',	'2021-11-05 12:00:05'),
(1158,	6,	1,	20,	2,	0,	5.00,	'2021-11-05 12:00:05',	'2021-11-05 12:00:05'),
(1159,	7,	1,	18,	1,	0,	5.00,	'2021-11-05 12:00:06',	'2021-11-05 12:00:06'),
(1160,	8,	1,	33,	1,	0,	5.00,	'2021-11-05 12:00:07',	'2021-11-05 12:00:07'),
(1161,	9,	1,	31,	2,	0,	5.00,	'2021-11-05 12:00:07',	'2021-11-05 12:00:07'),
(1162,	10,	1,	67,	2,	0,	5.00,	'2021-11-05 12:00:08',	'2021-11-05 12:00:08'),
(1163,	11,	1,	256,	2,	0,	5.00,	'2021-11-05 12:00:08',	'2021-11-05 12:00:08'),
(1164,	12,	1,	29,	1,	0,	5.00,	'2021-11-05 12:00:09',	'2021-11-05 12:00:09'),
(1165,	13,	1,	40,	1,	0,	5.00,	'2021-11-05 12:00:09',	'2021-11-05 12:00:09'),
(1166,	14,	1,	106,	2,	0,	5.00,	'2021-11-05 12:00:10',	'2021-11-05 12:00:10'),
(1167,	15,	1,	215,	5,	1,	4.33,	'2021-11-05 12:00:10',	'2021-11-05 12:00:10'),
(1168,	16,	1,	121,	2,	1,	3.67,	'2021-11-05 12:00:11',	'2021-11-05 12:00:11'),
(1169,	17,	1,	19,	2,	0,	5.00,	'2021-11-05 12:00:12',	'2021-11-05 12:00:12'),
(1170,	18,	1,	40,	2,	1,	3.67,	'2021-11-05 12:00:12',	'2021-11-05 12:00:12'),
(1171,	1,	1,	23,	2,	0,	5.00,	'2021-11-05 12:30:02',	'2021-11-05 12:30:02'),
(1172,	2,	1,	34,	2,	0,	5.00,	'2021-11-05 12:30:03',	'2021-11-05 12:30:03'),
(1173,	3,	1,	22,	2,	0,	5.00,	'2021-11-05 12:30:03',	'2021-11-05 12:30:03'),
(1174,	4,	1,	23,	4,	1,	4.20,	'2021-11-05 12:30:04',	'2021-11-05 12:30:04'),
(1175,	5,	1,	17,	2,	0,	5.00,	'2021-11-05 12:30:04',	'2021-11-05 12:30:04'),
(1176,	6,	1,	20,	2,	0,	5.00,	'2021-11-05 12:30:05',	'2021-11-05 12:30:05'),
(1177,	7,	1,	18,	1,	0,	5.00,	'2021-11-05 12:30:06',	'2021-11-05 12:30:06'),
(1178,	8,	1,	33,	1,	0,	5.00,	'2021-11-05 12:30:06',	'2021-11-05 12:30:06'),
(1179,	9,	1,	31,	2,	0,	5.00,	'2021-11-05 12:30:07',	'2021-11-05 12:30:07'),
(1180,	10,	1,	67,	2,	0,	5.00,	'2021-11-05 12:30:07',	'2021-11-05 12:30:07'),
(1181,	11,	1,	256,	2,	0,	5.00,	'2021-11-05 12:30:08',	'2021-11-05 12:30:08'),
(1182,	12,	1,	29,	1,	0,	5.00,	'2021-11-05 12:30:08',	'2021-11-05 12:30:08'),
(1183,	13,	1,	40,	1,	0,	5.00,	'2021-11-05 12:30:09',	'2021-11-05 12:30:09'),
(1184,	14,	1,	106,	2,	0,	5.00,	'2021-11-05 12:30:09',	'2021-11-05 12:30:09'),
(1185,	15,	1,	215,	5,	1,	4.33,	'2021-11-05 12:30:10',	'2021-11-05 12:30:10'),
(1186,	16,	1,	121,	2,	1,	3.67,	'2021-11-05 12:30:10',	'2021-11-05 12:30:10'),
(1187,	17,	1,	19,	2,	0,	5.00,	'2021-11-05 12:30:11',	'2021-11-05 12:30:11'),
(1188,	18,	1,	40,	2,	1,	3.67,	'2021-11-05 12:30:12',	'2021-11-05 12:30:12'),
(1189,	19,	1,	2,	1,	0,	5.00,	'2021-11-05 12:30:12',	'2021-11-05 12:30:12'),
(1190,	1,	1,	23,	2,	0,	5.00,	'2021-11-05 13:00:02',	'2021-11-05 13:00:02'),
(1191,	2,	1,	34,	2,	0,	5.00,	'2021-11-05 13:00:03',	'2021-11-05 13:00:03'),
(1192,	3,	1,	22,	2,	0,	5.00,	'2021-11-05 13:00:03',	'2021-11-05 13:00:03'),
(1193,	4,	1,	23,	4,	1,	4.20,	'2021-11-05 13:00:04',	'2021-11-05 13:00:04'),
(1194,	5,	1,	17,	2,	0,	5.00,	'2021-11-05 13:00:04',	'2021-11-05 13:00:04'),
(1195,	6,	1,	20,	2,	0,	5.00,	'2021-11-05 13:00:05',	'2021-11-05 13:00:05'),
(1196,	7,	1,	18,	1,	0,	5.00,	'2021-11-05 13:00:06',	'2021-11-05 13:00:06'),
(1197,	8,	1,	33,	1,	0,	5.00,	'2021-11-05 13:00:06',	'2021-11-05 13:00:06'),
(1198,	9,	1,	31,	2,	0,	5.00,	'2021-11-05 13:00:07',	'2021-11-05 13:00:07'),
(1199,	10,	1,	67,	2,	0,	5.00,	'2021-11-05 13:00:07',	'2021-11-05 13:00:07'),
(1200,	11,	1,	256,	2,	0,	5.00,	'2021-11-05 13:00:08',	'2021-11-05 13:00:08'),
(1201,	12,	1,	29,	1,	0,	5.00,	'2021-11-05 13:00:08',	'2021-11-05 13:00:08'),
(1202,	13,	1,	40,	1,	0,	5.00,	'2021-11-05 13:00:09',	'2021-11-05 13:00:09'),
(1203,	14,	1,	106,	2,	0,	5.00,	'2021-11-05 13:00:09',	'2021-11-05 13:00:09'),
(1204,	15,	1,	215,	5,	1,	4.33,	'2021-11-05 13:00:10',	'2021-11-05 13:00:10'),
(1205,	16,	1,	121,	2,	1,	3.67,	'2021-11-05 13:00:10',	'2021-11-05 13:00:10'),
(1206,	17,	1,	19,	2,	0,	5.00,	'2021-11-05 13:00:11',	'2021-11-05 13:00:11'),
(1207,	18,	1,	40,	2,	1,	3.67,	'2021-11-05 13:00:11',	'2021-11-05 13:00:11'),
(1208,	19,	1,	2,	1,	0,	5.00,	'2021-11-05 13:00:12',	'2021-11-05 13:00:12'),
(1209,	1,	1,	23,	2,	0,	5.00,	'2021-11-05 13:30:03',	'2021-11-05 13:30:03'),
(1210,	2,	1,	34,	2,	0,	5.00,	'2021-11-05 13:30:03',	'2021-11-05 13:30:03'),
(1211,	3,	1,	22,	2,	0,	5.00,	'2021-11-05 13:30:04',	'2021-11-05 13:30:04'),
(1212,	4,	1,	23,	4,	1,	4.20,	'2021-11-05 13:30:04',	'2021-11-05 13:30:04'),
(1213,	5,	1,	17,	2,	0,	5.00,	'2021-11-05 13:30:05',	'2021-11-05 13:30:05'),
(1214,	6,	1,	20,	2,	0,	5.00,	'2021-11-05 13:30:05',	'2021-11-05 13:30:05'),
(1215,	7,	1,	18,	1,	0,	5.00,	'2021-11-05 13:30:06',	'2021-11-05 13:30:06'),
(1216,	8,	1,	33,	1,	0,	5.00,	'2021-11-05 13:30:06',	'2021-11-05 13:30:06'),
(1217,	9,	1,	31,	2,	0,	5.00,	'2021-11-05 13:30:07',	'2021-11-05 13:30:07'),
(1218,	10,	1,	67,	2,	0,	5.00,	'2021-11-05 13:30:08',	'2021-11-05 13:30:08'),
(1219,	11,	1,	256,	2,	0,	5.00,	'2021-11-05 13:30:08',	'2021-11-05 13:30:08'),
(1220,	12,	1,	29,	1,	0,	5.00,	'2021-11-05 13:30:09',	'2021-11-05 13:30:09'),
(1221,	13,	1,	40,	1,	0,	5.00,	'2021-11-05 13:30:09',	'2021-11-05 13:30:09'),
(1222,	14,	1,	106,	2,	0,	5.00,	'2021-11-05 13:30:10',	'2021-11-05 13:30:10'),
(1223,	15,	1,	215,	5,	1,	4.33,	'2021-11-05 13:30:10',	'2021-11-05 13:30:10'),
(1224,	16,	1,	127,	2,	1,	3.67,	'2021-11-05 13:30:11',	'2021-11-05 13:30:11'),
(1225,	17,	1,	19,	2,	0,	5.00,	'2021-11-05 13:30:11',	'2021-11-05 13:30:11'),
(1226,	18,	1,	40,	2,	1,	3.67,	'2021-11-05 13:30:12',	'2021-11-05 13:30:12'),
(1227,	19,	1,	2,	1,	0,	5.00,	'2021-11-05 13:30:13',	'2021-11-05 13:30:13'),
(1228,	1,	1,	23,	2,	0,	5.00,	'2021-11-05 14:00:03',	'2021-11-05 14:00:03'),
(1229,	2,	1,	34,	2,	0,	5.00,	'2021-11-05 14:00:03',	'2021-11-05 14:00:03'),
(1230,	3,	1,	22,	2,	0,	5.00,	'2021-11-05 14:00:04',	'2021-11-05 14:00:04'),
(1231,	4,	1,	23,	4,	1,	4.20,	'2021-11-05 14:00:04',	'2021-11-05 14:00:04'),
(1232,	5,	1,	17,	2,	0,	5.00,	'2021-11-05 14:00:05',	'2021-11-05 14:00:05'),
(1233,	6,	1,	20,	2,	0,	5.00,	'2021-11-05 14:00:06',	'2021-11-05 14:00:06'),
(1234,	7,	1,	18,	1,	0,	5.00,	'2021-11-05 14:00:06',	'2021-11-05 14:00:06'),
(1235,	8,	1,	33,	1,	0,	5.00,	'2021-11-05 14:00:07',	'2021-11-05 14:00:07'),
(1236,	9,	1,	31,	2,	0,	5.00,	'2021-11-05 14:00:07',	'2021-11-05 14:00:07'),
(1237,	10,	1,	67,	2,	0,	5.00,	'2021-11-05 14:00:08',	'2021-11-05 14:00:08'),
(1238,	11,	1,	256,	2,	0,	5.00,	'2021-11-05 14:00:08',	'2021-11-05 14:00:08'),
(1239,	12,	1,	29,	1,	0,	5.00,	'2021-11-05 14:00:09',	'2021-11-05 14:00:09'),
(1240,	13,	1,	40,	1,	0,	5.00,	'2021-11-05 14:00:10',	'2021-11-05 14:00:10'),
(1241,	14,	1,	106,	2,	0,	5.00,	'2021-11-05 14:00:10',	'2021-11-05 14:00:10'),
(1242,	15,	1,	215,	5,	1,	4.33,	'2021-11-05 14:00:11',	'2021-11-05 14:00:11'),
(1243,	16,	1,	121,	2,	1,	3.67,	'2021-11-05 14:00:11',	'2021-11-05 14:00:11'),
(1244,	17,	1,	19,	2,	0,	5.00,	'2021-11-05 14:00:12',	'2021-11-05 14:00:12'),
(1245,	18,	1,	40,	2,	1,	3.67,	'2021-11-05 14:00:13',	'2021-11-05 14:00:13'),
(1246,	19,	1,	2,	1,	0,	5.00,	'2021-11-05 14:00:13',	'2021-11-05 14:00:13'),
(1247,	1,	1,	23,	2,	0,	5.00,	'2021-11-05 14:30:02',	'2021-11-05 14:30:02'),
(1248,	2,	1,	34,	2,	0,	5.00,	'2021-11-05 14:30:03',	'2021-11-05 14:30:03'),
(1249,	3,	1,	22,	2,	0,	5.00,	'2021-11-05 14:30:03',	'2021-11-05 14:30:03'),
(1250,	4,	1,	23,	4,	1,	4.20,	'2021-11-05 14:30:04',	'2021-11-05 14:30:04'),
(1251,	5,	1,	17,	2,	0,	5.00,	'2021-11-05 14:30:04',	'2021-11-05 14:30:04'),
(1252,	6,	1,	20,	2,	0,	5.00,	'2021-11-05 14:30:05',	'2021-11-05 14:30:05'),
(1253,	7,	1,	18,	1,	0,	5.00,	'2021-11-05 14:30:05',	'2021-11-05 14:30:05'),
(1254,	8,	1,	33,	1,	0,	5.00,	'2021-11-05 14:30:06',	'2021-11-05 14:30:06'),
(1255,	9,	1,	31,	2,	0,	5.00,	'2021-11-05 14:30:07',	'2021-11-05 14:30:07'),
(1256,	10,	1,	67,	2,	0,	5.00,	'2021-11-05 14:30:07',	'2021-11-05 14:30:07'),
(1257,	11,	1,	256,	2,	0,	5.00,	'2021-11-05 14:30:08',	'2021-11-05 14:30:08'),
(1258,	12,	1,	29,	1,	0,	5.00,	'2021-11-05 14:30:08',	'2021-11-05 14:30:08'),
(1259,	13,	1,	40,	1,	0,	5.00,	'2021-11-05 14:30:09',	'2021-11-05 14:30:09'),
(1260,	14,	1,	106,	2,	0,	5.00,	'2021-11-05 14:30:09',	'2021-11-05 14:30:09'),
(1261,	15,	1,	215,	5,	1,	4.33,	'2021-11-05 14:30:10',	'2021-11-05 14:30:10'),
(1262,	16,	1,	129,	2,	1,	3.67,	'2021-11-05 14:30:11',	'2021-11-05 14:30:11'),
(1263,	17,	1,	19,	2,	0,	5.00,	'2021-11-05 14:30:11',	'2021-11-05 14:30:11'),
(1264,	18,	1,	40,	2,	1,	3.67,	'2021-11-05 14:30:12',	'2021-11-05 14:30:12'),
(1265,	19,	1,	2,	1,	0,	5.00,	'2021-11-05 14:30:12',	'2021-11-05 14:30:12'),
(1266,	20,	1,	1,	1,	0,	5.00,	'2021-11-05 14:30:13',	'2021-11-05 14:30:13'),
(1267,	1,	1,	23,	2,	0,	5.00,	'2021-11-05 15:00:03',	'2021-11-05 15:00:03'),
(1268,	2,	1,	34,	2,	0,	5.00,	'2021-11-05 15:00:03',	'2021-11-05 15:00:03'),
(1269,	3,	1,	22,	2,	0,	5.00,	'2021-11-05 15:00:04',	'2021-11-05 15:00:04'),
(1270,	4,	1,	23,	4,	1,	4.20,	'2021-11-05 15:00:04',	'2021-11-05 15:00:04'),
(1271,	5,	1,	17,	2,	0,	5.00,	'2021-11-05 15:00:05',	'2021-11-05 15:00:05'),
(1272,	6,	1,	20,	2,	0,	5.00,	'2021-11-05 15:00:06',	'2021-11-05 15:00:06'),
(1273,	7,	1,	18,	1,	0,	5.00,	'2021-11-05 15:00:06',	'2021-11-05 15:00:06'),
(1274,	8,	1,	33,	1,	0,	5.00,	'2021-11-05 15:00:07',	'2021-11-05 15:00:07'),
(1275,	9,	1,	31,	2,	0,	5.00,	'2021-11-05 15:00:07',	'2021-11-05 15:00:07'),
(1276,	10,	1,	67,	2,	0,	5.00,	'2021-11-05 15:00:08',	'2021-11-05 15:00:08'),
(1277,	11,	1,	256,	2,	0,	5.00,	'2021-11-05 15:00:08',	'2021-11-05 15:00:08'),
(1278,	12,	1,	29,	1,	0,	5.00,	'2021-11-05 15:00:09',	'2021-11-05 15:00:09'),
(1279,	13,	1,	40,	1,	0,	5.00,	'2021-11-05 15:00:09',	'2021-11-05 15:00:09'),
(1280,	14,	1,	106,	2,	0,	5.00,	'2021-11-05 15:00:10',	'2021-11-05 15:00:10'),
(1281,	15,	1,	215,	5,	1,	4.33,	'2021-11-05 15:00:11',	'2021-11-05 15:00:11'),
(1282,	16,	1,	129,	2,	1,	3.67,	'2021-11-05 15:00:11',	'2021-11-05 15:00:11'),
(1283,	17,	1,	19,	2,	0,	5.00,	'2021-11-05 15:00:12',	'2021-11-05 15:00:12'),
(1284,	18,	1,	40,	2,	1,	3.67,	'2021-11-05 15:00:12',	'2021-11-05 15:00:12'),
(1285,	19,	1,	2,	1,	0,	5.00,	'2021-11-05 15:00:13',	'2021-11-05 15:00:13'),
(1286,	20,	1,	1,	1,	0,	5.00,	'2021-11-05 15:00:13',	'2021-11-05 15:00:13'),
(1287,	1,	1,	23,	2,	0,	5.00,	'2021-11-05 15:30:02',	'2021-11-05 15:30:02'),
(1288,	2,	1,	34,	2,	0,	5.00,	'2021-11-05 15:30:03',	'2021-11-05 15:30:03'),
(1289,	3,	1,	22,	2,	0,	5.00,	'2021-11-05 15:30:03',	'2021-11-05 15:30:03'),
(1290,	4,	1,	23,	4,	1,	4.20,	'2021-11-05 15:30:04',	'2021-11-05 15:30:04'),
(1291,	5,	1,	17,	2,	0,	5.00,	'2021-11-05 15:30:04',	'2021-11-05 15:30:04'),
(1292,	6,	1,	20,	2,	0,	5.00,	'2021-11-05 15:30:05',	'2021-11-05 15:30:05'),
(1293,	7,	1,	18,	1,	0,	5.00,	'2021-11-05 15:30:06',	'2021-11-05 15:30:06'),
(1294,	8,	1,	33,	1,	0,	5.00,	'2021-11-05 15:30:06',	'2021-11-05 15:30:06'),
(1295,	9,	1,	31,	2,	0,	5.00,	'2021-11-05 15:30:07',	'2021-11-05 15:30:07'),
(1296,	10,	1,	67,	2,	0,	5.00,	'2021-11-05 15:30:07',	'2021-11-05 15:30:07'),
(1297,	11,	1,	256,	2,	0,	5.00,	'2021-11-05 15:30:08',	'2021-11-05 15:30:08'),
(1298,	12,	1,	29,	1,	0,	5.00,	'2021-11-05 15:30:08',	'2021-11-05 15:30:08'),
(1299,	13,	1,	40,	1,	0,	5.00,	'2021-11-05 15:30:09',	'2021-11-05 15:30:09'),
(1300,	14,	1,	106,	2,	0,	5.00,	'2021-11-05 15:30:10',	'2021-11-05 15:30:10'),
(1301,	15,	1,	215,	5,	1,	4.33,	'2021-11-05 15:30:10',	'2021-11-05 15:30:10'),
(1302,	16,	1,	129,	2,	1,	3.67,	'2021-11-05 15:30:11',	'2021-11-05 15:30:11'),
(1303,	17,	1,	19,	2,	0,	5.00,	'2021-11-05 15:30:11',	'2021-11-05 15:30:11'),
(1304,	18,	1,	40,	2,	1,	3.67,	'2021-11-05 15:30:12',	'2021-11-05 15:30:12'),
(1305,	19,	1,	5,	1,	0,	5.00,	'2021-11-05 15:30:13',	'2021-11-05 15:30:13'),
(1306,	20,	1,	1,	1,	0,	5.00,	'2021-11-05 15:30:13',	'2021-11-05 15:30:13'),
(1307,	1,	1,	23,	2,	0,	5.00,	'2021-11-05 16:00:02',	'2021-11-05 16:00:02'),
(1308,	2,	1,	34,	2,	0,	5.00,	'2021-11-05 16:00:02',	'2021-11-05 16:00:02'),
(1309,	3,	1,	22,	2,	0,	5.00,	'2021-11-05 16:00:03',	'2021-11-05 16:00:03'),
(1310,	4,	1,	23,	4,	1,	4.20,	'2021-11-05 16:00:04',	'2021-11-05 16:00:04'),
(1311,	5,	1,	17,	2,	0,	5.00,	'2021-11-05 16:00:04',	'2021-11-05 16:00:04'),
(1312,	6,	1,	20,	2,	0,	5.00,	'2021-11-05 16:00:05',	'2021-11-05 16:00:05'),
(1313,	7,	1,	18,	1,	0,	5.00,	'2021-11-05 16:00:05',	'2021-11-05 16:00:05'),
(1314,	8,	1,	33,	1,	0,	5.00,	'2021-11-05 16:00:06',	'2021-11-05 16:00:06'),
(1315,	9,	1,	31,	2,	0,	5.00,	'2021-11-05 16:00:07',	'2021-11-05 16:00:07'),
(1316,	10,	1,	67,	2,	0,	5.00,	'2021-11-05 16:00:07',	'2021-11-05 16:00:07'),
(1317,	11,	1,	256,	2,	0,	5.00,	'2021-11-05 16:00:08',	'2021-11-05 16:00:08'),
(1318,	12,	1,	29,	1,	0,	5.00,	'2021-11-05 16:00:09',	'2021-11-05 16:00:09'),
(1319,	13,	1,	40,	1,	0,	5.00,	'2021-11-05 16:00:09',	'2021-11-05 16:00:09'),
(1320,	14,	1,	106,	2,	0,	5.00,	'2021-11-05 16:00:10',	'2021-11-05 16:00:10'),
(1321,	15,	1,	215,	5,	1,	4.33,	'2021-11-05 16:00:11',	'2021-11-05 16:00:11'),
(1322,	16,	1,	129,	2,	1,	3.67,	'2021-11-05 16:00:11',	'2021-11-05 16:00:11'),
(1323,	17,	1,	19,	2,	0,	5.00,	'2021-11-05 16:00:12',	'2021-11-05 16:00:12'),
(1324,	18,	1,	40,	2,	1,	3.67,	'2021-11-05 16:00:12',	'2021-11-05 16:00:12'),
(1325,	19,	1,	3,	1,	0,	5.00,	'2021-11-05 16:00:13',	'2021-11-05 16:00:13'),
(1326,	20,	1,	1,	1,	0,	5.00,	'2021-11-05 16:00:14',	'2021-11-05 16:00:14'),
(1327,	1,	1,	23,	2,	0,	5.00,	'2021-11-05 16:30:02',	'2021-11-05 16:30:02'),
(1328,	2,	1,	34,	2,	0,	5.00,	'2021-11-05 16:30:03',	'2021-11-05 16:30:03'),
(1329,	3,	1,	22,	2,	0,	5.00,	'2021-11-05 16:30:03',	'2021-11-05 16:30:03'),
(1330,	4,	1,	23,	4,	1,	4.20,	'2021-11-05 16:30:04',	'2021-11-05 16:30:04'),
(1331,	5,	1,	17,	2,	0,	5.00,	'2021-11-05 16:30:04',	'2021-11-05 16:30:04'),
(1332,	6,	1,	20,	2,	0,	5.00,	'2021-11-05 16:30:05',	'2021-11-05 16:30:05'),
(1333,	7,	1,	18,	1,	0,	5.00,	'2021-11-05 16:30:05',	'2021-11-05 16:30:05'),
(1334,	8,	1,	33,	1,	0,	5.00,	'2021-11-05 16:30:06',	'2021-11-05 16:30:06'),
(1335,	9,	1,	31,	2,	0,	5.00,	'2021-11-05 16:30:07',	'2021-11-05 16:30:07'),
(1336,	10,	1,	67,	2,	0,	5.00,	'2021-11-05 16:30:07',	'2021-11-05 16:30:07'),
(1337,	11,	1,	256,	2,	0,	5.00,	'2021-11-05 16:30:08',	'2021-11-05 16:30:08'),
(1338,	12,	1,	29,	1,	0,	5.00,	'2021-11-05 16:30:08',	'2021-11-05 16:30:08'),
(1339,	13,	1,	40,	1,	0,	5.00,	'2021-11-05 16:30:09',	'2021-11-05 16:30:09'),
(1340,	14,	1,	106,	2,	0,	5.00,	'2021-11-05 16:30:09',	'2021-11-05 16:30:09'),
(1341,	15,	1,	215,	5,	1,	4.33,	'2021-11-05 16:30:10',	'2021-11-05 16:30:10'),
(1342,	16,	1,	132,	2,	1,	3.67,	'2021-11-05 16:30:11',	'2021-11-05 16:30:11'),
(1343,	17,	1,	19,	2,	0,	5.00,	'2021-11-05 16:30:11',	'2021-11-05 16:30:11'),
(1344,	18,	1,	40,	2,	1,	3.67,	'2021-11-05 16:30:12',	'2021-11-05 16:30:12'),
(1345,	19,	1,	5,	1,	0,	5.00,	'2021-11-05 16:30:12',	'2021-11-05 16:30:12'),
(1346,	20,	1,	1,	1,	0,	5.00,	'2021-11-05 16:30:13',	'2021-11-05 16:30:13'),
(1347,	1,	1,	23,	2,	0,	5.00,	'2021-11-05 17:00:03',	'2021-11-05 17:00:03'),
(1348,	2,	1,	34,	2,	0,	5.00,	'2021-11-05 17:00:04',	'2021-11-05 17:00:04'),
(1349,	3,	1,	22,	2,	0,	5.00,	'2021-11-05 17:00:04',	'2021-11-05 17:00:04'),
(1350,	4,	1,	23,	4,	1,	4.20,	'2021-11-05 17:00:05',	'2021-11-05 17:00:05'),
(1351,	5,	1,	17,	2,	0,	5.00,	'2021-11-05 17:00:05',	'2021-11-05 17:00:05'),
(1352,	6,	1,	20,	2,	0,	5.00,	'2021-11-05 17:00:06',	'2021-11-05 17:00:06'),
(1353,	7,	1,	18,	1,	0,	5.00,	'2021-11-05 17:00:06',	'2021-11-05 17:00:06'),
(1354,	8,	1,	33,	1,	0,	5.00,	'2021-11-05 17:00:07',	'2021-11-05 17:00:07'),
(1355,	9,	1,	31,	2,	0,	5.00,	'2021-11-05 17:00:08',	'2021-11-05 17:00:08'),
(1356,	10,	1,	67,	2,	0,	5.00,	'2021-11-05 17:00:08',	'2021-11-05 17:00:08'),
(1357,	11,	1,	256,	2,	0,	5.00,	'2021-11-05 17:00:09',	'2021-11-05 17:00:09'),
(1358,	12,	1,	29,	1,	0,	5.00,	'2021-11-05 17:00:09',	'2021-11-05 17:00:09'),
(1359,	13,	1,	40,	1,	0,	5.00,	'2021-11-05 17:00:10',	'2021-11-05 17:00:10'),
(1360,	14,	1,	106,	2,	0,	5.00,	'2021-11-05 17:00:10',	'2021-11-05 17:00:10'),
(1361,	15,	1,	215,	5,	1,	4.33,	'2021-11-05 17:00:11',	'2021-11-05 17:00:11'),
(1362,	16,	1,	142,	2,	1,	3.67,	'2021-11-05 17:00:12',	'2021-11-05 17:00:12'),
(1363,	17,	1,	19,	2,	0,	5.00,	'2021-11-05 17:00:12',	'2021-11-05 17:00:12'),
(1364,	18,	1,	40,	2,	1,	3.67,	'2021-11-05 17:00:13',	'2021-11-05 17:00:13'),
(1365,	19,	1,	3,	1,	0,	5.00,	'2021-11-05 17:00:13',	'2021-11-05 17:00:13'),
(1366,	20,	1,	2,	1,	0,	5.00,	'2021-11-05 17:00:14',	'2021-11-05 17:00:14'),
(1367,	21,	2,	1479,	9,	6,	3.40,	'2021-11-05 17:00:14',	'2021-11-05 17:00:14'),
(1368,	1,	1,	23,	2,	0,	5.00,	'2021-11-05 17:03:11',	'2021-11-05 17:03:11'),
(1369,	2,	1,	34,	2,	0,	5.00,	'2021-11-05 17:03:12',	'2021-11-05 17:03:12'),
(1370,	3,	1,	22,	2,	0,	5.00,	'2021-11-05 17:03:13',	'2021-11-05 17:03:13'),
(1371,	4,	1,	23,	4,	1,	4.20,	'2021-11-05 17:03:13',	'2021-11-05 17:03:13'),
(1372,	5,	1,	17,	2,	0,	5.00,	'2021-11-05 17:03:14',	'2021-11-05 17:03:14'),
(1373,	6,	1,	20,	2,	0,	5.00,	'2021-11-05 17:03:14',	'2021-11-05 17:03:14'),
(1374,	7,	1,	18,	1,	0,	5.00,	'2021-11-05 17:03:15',	'2021-11-05 17:03:15'),
(1375,	8,	1,	33,	1,	0,	5.00,	'2021-11-05 17:03:15',	'2021-11-05 17:03:15'),
(1376,	9,	1,	31,	2,	0,	5.00,	'2021-11-05 17:03:16',	'2021-11-05 17:03:16'),
(1377,	10,	1,	67,	2,	0,	5.00,	'2021-11-05 17:03:17',	'2021-11-05 17:03:17'),
(1378,	11,	1,	257,	2,	0,	5.00,	'2021-11-05 17:03:17',	'2021-11-05 17:03:17'),
(1379,	12,	1,	30,	1,	0,	5.00,	'2021-11-05 17:03:18',	'2021-11-05 17:03:18'),
(1380,	13,	1,	40,	1,	0,	5.00,	'2021-11-05 17:03:18',	'2021-11-05 17:03:18'),
(1381,	14,	1,	106,	2,	0,	5.00,	'2021-11-05 17:03:19',	'2021-11-05 17:03:19'),
(1382,	15,	1,	215,	5,	1,	4.33,	'2021-11-05 17:03:19',	'2021-11-05 17:03:19'),
(1383,	16,	1,	142,	2,	1,	3.67,	'2021-11-05 17:03:20',	'2021-11-05 17:03:20'),
(1384,	17,	1,	19,	2,	0,	5.00,	'2021-11-05 17:03:21',	'2021-11-05 17:03:21'),
(1385,	18,	1,	40,	2,	1,	3.67,	'2021-11-05 17:03:21',	'2021-11-05 17:03:21'),
(1386,	19,	1,	5,	1,	0,	5.00,	'2021-11-05 17:03:22',	'2021-11-05 17:03:22'),
(1387,	20,	1,	2,	1,	0,	5.00,	'2021-11-05 17:03:22',	'2021-11-05 17:03:22'),
(1388,	21,	2,	1479,	9,	6,	3.40,	'2021-11-05 17:03:23',	'2021-11-05 17:03:23'),
(1389,	22,	2,	1321,	9,	9,	3.00,	'2021-11-05 17:03:23',	'2021-11-05 17:03:23'),
(1390,	23,	2,	3518,	19,	20,	2.95,	'2021-11-05 17:03:24',	'2021-11-05 17:03:24'),
(1391,	24,	2,	4087,	34,	21,	3.47,	'2021-11-05 17:03:24',	'2021-11-05 17:03:24'),
(1392,	25,	2,	4931,	25,	20,	3.22,	'2021-11-05 17:03:25',	'2021-11-05 17:03:25'),
(1393,	26,	2,	6147,	39,	15,	3.89,	'2021-11-05 17:03:25',	'2021-11-05 17:03:25'),
(1394,	27,	2,	4409,	25,	13,	3.63,	'2021-11-05 17:03:26',	'2021-11-05 17:03:26'),
(1395,	28,	2,	11802,	64,	25,	3.88,	'2021-11-05 17:03:26',	'2021-11-05 17:03:26'),
(1396,	29,	2,	45635,	255,	118,	3.73,	'2021-11-05 17:03:27',	'2021-11-05 17:03:27'),
(1397,	30,	2,	285853,	1648,	1181,	3.33,	'2021-11-05 17:03:27',	'2021-11-05 17:03:27'),
(1398,	31,	2,	311495,	1678,	1184,	3.35,	'2021-11-05 17:03:27',	'2021-11-05 17:03:27'),
(1399,	32,	2,	110885,	527,	393,	3.29,	'2021-11-05 17:03:28',	'2021-11-05 17:03:28'),
(1400,	33,	2,	159649,	922,	686,	3.29,	'2021-11-05 17:03:28',	'2021-11-05 17:03:28'),
(1401,	34,	2,	62608,	286,	187,	3.42,	'2021-11-05 17:03:29',	'2021-11-05 17:03:29'),
(1402,	35,	2,	82905,	394,	234,	3.51,	'2021-11-05 17:03:29',	'2021-11-05 17:03:29'),
(1403,	36,	3,	12,	3,	0,	5.00,	'2021-11-05 17:03:29',	'2021-11-05 17:03:29'),
(1404,	37,	3,	6226,	56,	32,	3.55,	'2021-11-05 17:03:31',	'2021-11-05 17:03:31'),
(1405,	38,	3,	1789,	12,	7,	3.53,	'2021-11-05 17:03:31',	'2021-11-05 17:03:31'),
(1406,	39,	3,	5669,	24,	13,	3.59,	'2021-11-05 17:03:32',	'2021-11-05 17:03:32'),
(1407,	40,	3,	20179,	106,	82,	3.26,	'2021-11-05 17:03:32',	'2021-11-05 17:03:32'),
(1408,	41,	3,	83123,	427,	295,	3.37,	'2021-11-05 17:03:33',	'2021-11-05 17:03:33'),
(1409,	42,	3,	67606,	348,	252,	3.32,	'2021-11-05 17:03:33',	'2021-11-05 17:03:33'),
(1410,	43,	3,	40928,	234,	146,	3.46,	'2021-11-05 17:03:34',	'2021-11-05 17:03:34'),
(1411,	44,	3,	28565,	154,	101,	3.42,	'2021-11-05 17:03:34',	'2021-11-05 17:03:34'),
(1412,	45,	3,	124217,	678,	414,	3.48,	'2021-11-05 17:03:35',	'2021-11-05 17:03:35'),
(1413,	46,	3,	70040,	401,	282,	3.35,	'2021-11-05 17:03:35',	'2021-11-05 17:03:35'),
(1414,	47,	3,	103674,	534,	365,	3.38,	'2021-11-05 17:03:36',	'2021-11-05 17:03:36'),
(1415,	48,	3,	45917,	237,	179,	3.28,	'2021-11-05 17:03:36',	'2021-11-05 17:03:36'),
(1416,	49,	3,	74019,	460,	321,	3.36,	'2021-11-05 17:03:37',	'2021-11-05 17:03:37'),
(1417,	50,	3,	38874,	181,	123,	3.38,	'2021-11-05 17:03:38',	'2021-11-05 17:03:38'),
(1418,	1,	1,	24,	2,	0,	5.00,	'2021-11-05 17:30:02',	'2021-11-05 17:30:02'),
(1419,	2,	1,	34,	2,	0,	5.00,	'2021-11-05 17:30:03',	'2021-11-05 17:30:03'),
(1420,	3,	1,	22,	2,	0,	5.00,	'2021-11-05 17:30:04',	'2021-11-05 17:30:04'),
(1421,	4,	1,	23,	4,	1,	4.20,	'2021-11-05 17:30:04',	'2021-11-05 17:30:04'),
(1422,	5,	1,	17,	2,	0,	5.00,	'2021-11-05 17:30:05',	'2021-11-05 17:30:05'),
(1423,	6,	1,	21,	2,	0,	5.00,	'2021-11-05 17:30:05',	'2021-11-05 17:30:05'),
(1424,	7,	1,	18,	1,	0,	5.00,	'2021-11-05 17:30:06',	'2021-11-05 17:30:06'),
(1425,	8,	1,	33,	1,	0,	5.00,	'2021-11-05 17:30:06',	'2021-11-05 17:30:06'),
(1426,	9,	1,	31,	2,	0,	5.00,	'2021-11-05 17:30:07',	'2021-11-05 17:30:07'),
(1427,	10,	1,	67,	2,	0,	5.00,	'2021-11-05 17:30:08',	'2021-11-05 17:30:08'),
(1428,	11,	1,	256,	2,	0,	5.00,	'2021-11-05 17:30:08',	'2021-11-05 17:30:08'),
(1429,	12,	1,	30,	1,	0,	5.00,	'2021-11-05 17:30:09',	'2021-11-05 17:30:09'),
(1430,	13,	1,	40,	1,	0,	5.00,	'2021-11-05 17:30:09',	'2021-11-05 17:30:09'),
(1431,	14,	1,	106,	2,	0,	5.00,	'2021-11-05 17:30:10',	'2021-11-05 17:30:10'),
(1432,	15,	1,	215,	5,	1,	4.33,	'2021-11-05 17:30:10',	'2021-11-05 17:30:10'),
(1433,	16,	1,	142,	2,	1,	3.67,	'2021-11-05 17:30:11',	'2021-11-05 17:30:11'),
(1434,	17,	1,	19,	2,	0,	5.00,	'2021-11-05 17:30:12',	'2021-11-05 17:30:12'),
(1435,	18,	1,	40,	2,	1,	3.67,	'2021-11-05 17:30:12',	'2021-11-05 17:30:12'),
(1436,	19,	1,	6,	1,	0,	5.00,	'2021-11-05 17:30:13',	'2021-11-05 17:30:13'),
(1437,	20,	1,	2,	1,	0,	5.00,	'2021-11-05 17:30:13',	'2021-11-05 17:30:13'),
(1438,	21,	2,	1760,	10,	6,	3.50,	'2021-11-05 17:30:14',	'2021-11-05 17:30:14'),
(1439,	22,	2,	1614,	9,	9,	3.00,	'2021-11-05 17:30:14',	'2021-11-05 17:30:14'),
(1440,	23,	2,	3803,	20,	21,	2.95,	'2021-11-05 17:30:15',	'2021-11-05 17:30:15'),
(1441,	24,	2,	4334,	35,	22,	3.46,	'2021-11-05 17:30:15',	'2021-11-05 17:30:15'),
(1442,	25,	2,	4996,	25,	21,	3.17,	'2021-11-05 17:30:16',	'2021-11-05 17:30:16'),
(1443,	26,	2,	7077,	38,	15,	3.87,	'2021-11-05 17:30:16',	'2021-11-05 17:30:16'),
(1444,	27,	2,	4576,	25,	13,	3.63,	'2021-11-05 17:30:16',	'2021-11-05 17:30:16'),
(1445,	28,	2,	11802,	64,	25,	3.88,	'2021-11-05 17:30:17',	'2021-11-05 17:30:17'),
(1446,	29,	2,	45761,	255,	119,	3.73,	'2021-11-05 17:30:17',	'2021-11-05 17:30:17'),
(1447,	30,	2,	296340,	1671,	1194,	3.33,	'2021-11-05 17:30:18',	'2021-11-05 17:30:18'),
(1448,	31,	2,	322773,	1708,	1202,	3.35,	'2021-11-05 17:30:18',	'2021-11-05 17:30:18'),
(1449,	32,	2,	113762,	533,	395,	3.30,	'2021-11-05 17:30:18',	'2021-11-05 17:30:18'),
(1450,	33,	2,	164236,	936,	692,	3.30,	'2021-11-05 17:30:19',	'2021-11-05 17:30:19'),
(1451,	34,	2,	63568,	287,	188,	3.42,	'2021-11-05 17:30:19',	'2021-11-05 17:30:19'),
(1452,	35,	2,	83194,	394,	234,	3.51,	'2021-11-05 17:30:20',	'2021-11-05 17:30:20'),
(1453,	36,	3,	872,	9,	4,	3.77,	'2021-11-05 17:30:20',	'2021-11-05 17:30:20'),
(1454,	37,	3,	7146,	56,	35,	3.46,	'2021-11-05 17:30:20',	'2021-11-05 17:30:20'),
(1455,	38,	3,	2106,	12,	8,	3.40,	'2021-11-05 17:30:21',	'2021-11-05 17:30:21'),
(1456,	39,	3,	5861,	24,	14,	3.53,	'2021-11-05 17:30:21',	'2021-11-05 17:30:21'),
(1457,	40,	3,	20179,	106,	82,	3.26,	'2021-11-05 17:30:22',	'2021-11-05 17:30:22'),
(1458,	41,	3,	83269,	428,	295,	3.37,	'2021-11-05 17:30:22',	'2021-11-05 17:30:22'),
(1459,	42,	3,	68232,	348,	253,	3.32,	'2021-11-05 17:30:23',	'2021-11-05 17:30:23'),
(1460,	43,	3,	40994,	235,	146,	3.47,	'2021-11-05 17:30:23',	'2021-11-05 17:30:23'),
(1461,	44,	3,	28991,	155,	101,	3.42,	'2021-11-05 17:30:24',	'2021-11-05 17:30:24'),
(1462,	45,	3,	124627,	678,	415,	3.48,	'2021-11-05 17:30:24',	'2021-11-05 17:30:24'),
(1463,	46,	3,	70040,	401,	282,	3.35,	'2021-11-05 17:30:25',	'2021-11-05 17:30:25'),
(1464,	47,	3,	103674,	534,	365,	3.38,	'2021-11-05 17:30:25',	'2021-11-05 17:30:25'),
(1465,	48,	3,	45917,	237,	179,	3.28,	'2021-11-05 17:30:26',	'2021-11-05 17:30:26'),
(1466,	49,	3,	74019,	460,	321,	3.36,	'2021-11-05 17:30:26',	'2021-11-05 17:30:26'),
(1467,	50,	3,	38874,	181,	123,	3.38,	'2021-11-05 17:30:27',	'2021-11-05 17:30:27'),
(1468,	1,	1,	24,	2,	0,	5.00,	'2021-11-05 18:00:03',	'2021-11-05 18:00:03'),
(1469,	2,	1,	35,	2,	0,	5.00,	'2021-11-05 18:00:03',	'2021-11-05 18:00:03'),
(1470,	3,	1,	22,	2,	0,	5.00,	'2021-11-05 18:00:04',	'2021-11-05 18:00:04'),
(1471,	4,	1,	23,	4,	1,	4.20,	'2021-11-05 18:00:05',	'2021-11-05 18:00:05'),
(1472,	5,	1,	17,	2,	0,	5.00,	'2021-11-05 18:00:05',	'2021-11-05 18:00:05'),
(1473,	6,	1,	21,	2,	0,	5.00,	'2021-11-05 18:00:06',	'2021-11-05 18:00:06'),
(1474,	7,	1,	18,	1,	0,	5.00,	'2021-11-05 18:00:06',	'2021-11-05 18:00:06'),
(1475,	8,	1,	33,	1,	0,	5.00,	'2021-11-05 18:00:07',	'2021-11-05 18:00:07'),
(1476,	9,	1,	31,	2,	0,	5.00,	'2021-11-05 18:00:08',	'2021-11-05 18:00:08'),
(1477,	10,	1,	69,	2,	0,	5.00,	'2021-11-05 18:00:08',	'2021-11-05 18:00:08'),
(1478,	11,	1,	257,	2,	0,	5.00,	'2021-11-05 18:00:09',	'2021-11-05 18:00:09'),
(1479,	12,	1,	30,	1,	0,	5.00,	'2021-11-05 18:00:09',	'2021-11-05 18:00:09'),
(1480,	13,	1,	40,	1,	0,	5.00,	'2021-11-05 18:00:10',	'2021-11-05 18:00:10'),
(1481,	14,	1,	106,	2,	0,	5.00,	'2021-11-05 18:00:11',	'2021-11-05 18:00:11'),
(1482,	15,	1,	215,	5,	1,	4.33,	'2021-11-05 18:00:11',	'2021-11-05 18:00:11'),
(1483,	16,	1,	142,	2,	1,	3.67,	'2021-11-05 18:00:12',	'2021-11-05 18:00:12'),
(1484,	17,	1,	19,	2,	0,	5.00,	'2021-11-05 18:00:12',	'2021-11-05 18:00:12'),
(1485,	18,	1,	41,	2,	1,	3.67,	'2021-11-05 18:00:13',	'2021-11-05 18:00:13'),
(1486,	19,	1,	6,	1,	0,	5.00,	'2021-11-05 18:00:14',	'2021-11-05 18:00:14'),
(1487,	20,	1,	2,	1,	0,	5.00,	'2021-11-05 18:00:14',	'2021-11-05 18:00:14'),
(1488,	21,	2,	2012,	10,	7,	3.35,	'2021-11-05 18:00:15',	'2021-11-05 18:00:15'),
(1489,	22,	2,	1736,	11,	9,	3.20,	'2021-11-05 18:00:16',	'2021-11-05 18:00:16'),
(1490,	23,	2,	4337,	24,	21,	3.13,	'2021-11-05 18:00:16',	'2021-11-05 18:00:16'),
(1491,	24,	2,	4877,	38,	23,	3.49,	'2021-11-05 18:00:17',	'2021-11-05 18:00:17'),
(1492,	25,	2,	5441,	26,	21,	3.21,	'2021-11-05 18:00:17',	'2021-11-05 18:00:17'),
(1493,	26,	2,	7077,	38,	15,	3.87,	'2021-11-05 18:00:18',	'2021-11-05 18:00:18'),
(1494,	27,	2,	4591,	25,	13,	3.63,	'2021-11-05 18:00:18',	'2021-11-05 18:00:18'),
(1495,	28,	2,	11802,	64,	25,	3.88,	'2021-11-05 18:00:18',	'2021-11-05 18:00:18'),
(1496,	29,	2,	45761,	255,	119,	3.73,	'2021-11-05 18:00:19',	'2021-11-05 18:00:19'),
(1497,	30,	2,	307804,	1691,	1210,	3.33,	'2021-11-05 18:00:19',	'2021-11-05 18:00:19'),
(1498,	31,	2,	336082,	1729,	1224,	3.34,	'2021-11-05 18:00:20',	'2021-11-05 18:00:20'),
(1499,	32,	2,	116940,	539,	401,	3.29,	'2021-11-05 18:00:20',	'2021-11-05 18:00:20'),
(1500,	33,	2,	169496,	947,	699,	3.30,	'2021-11-05 18:00:21',	'2021-11-05 18:00:21'),
(1501,	34,	2,	64702,	289,	190,	3.41,	'2021-11-05 18:00:21',	'2021-11-05 18:00:21'),
(1502,	35,	2,	83194,	394,	234,	3.51,	'2021-11-05 18:00:22',	'2021-11-05 18:00:22'),
(1503,	36,	3,	1516,	18,	7,	3.88,	'2021-11-05 18:00:22',	'2021-11-05 18:00:22'),
(1504,	37,	3,	8106,	61,	35,	3.54,	'2021-11-05 18:00:22',	'2021-11-05 18:00:22'),
(1505,	38,	3,	2106,	12,	8,	3.40,	'2021-11-05 18:00:23',	'2021-11-05 18:00:23'),
(1506,	39,	3,	6247,	25,	14,	3.56,	'2021-11-05 18:00:23',	'2021-11-05 18:00:23'),
(1507,	40,	3,	20179,	106,	82,	3.26,	'2021-11-05 18:00:24',	'2021-11-05 18:00:24'),
(1508,	41,	3,	83269,	428,	295,	3.37,	'2021-11-05 18:00:24',	'2021-11-05 18:00:24'),
(1509,	42,	3,	68381,	349,	253,	3.32,	'2021-11-05 18:00:25',	'2021-11-05 18:00:25'),
(1510,	43,	3,	41529,	236,	147,	3.46,	'2021-11-05 18:00:25',	'2021-11-05 18:00:25'),
(1511,	44,	3,	28991,	155,	101,	3.42,	'2021-11-05 18:00:26',	'2021-11-05 18:00:26'),
(1512,	45,	3,	125180,	679,	415,	3.48,	'2021-11-05 18:00:27',	'2021-11-05 18:00:27'),
(1513,	46,	3,	70325,	401,	282,	3.35,	'2021-11-05 18:00:27',	'2021-11-05 18:00:27'),
(1514,	47,	3,	103997,	535,	365,	3.38,	'2021-11-05 18:00:28',	'2021-11-05 18:00:28'),
(1515,	48,	3,	45917,	237,	179,	3.28,	'2021-11-05 18:00:28',	'2021-11-05 18:00:28'),
(1516,	49,	3,	74272,	460,	322,	3.35,	'2021-11-05 18:00:29',	'2021-11-05 18:00:29'),
(1517,	50,	3,	38874,	181,	123,	3.38,	'2021-11-05 18:00:29',	'2021-11-05 18:00:29');

DROP TABLE IF EXISTS "migrations";
DROP SEQUENCE IF EXISTS migrations_id_seq;
CREATE SEQUENCE migrations_id_seq INCREMENT 1 MINVALUE 1 MAXVALUE 2147483647 CACHE 1;

CREATE TABLE "public"."migrations" (
    "id" integer DEFAULT nextval('migrations_id_seq') NOT NULL,
    "migration" character varying(255) NOT NULL,
    "batch" integer NOT NULL,
    CONSTRAINT "migrations_pkey" PRIMARY KEY ("id")
) WITH (oids = false);

TRUNCATE "migrations";
INSERT INTO "migrations" ("id", "migration", "batch") VALUES
(1,	'2019_12_14_000001_create_personal_access_tokens_table',	1),
(2,	'2021_10_19_000001_create_common_tables',	1),
(3,	'2021_10_23_000001_create_history_tables',	1);

DROP TABLE IF EXISTS "personal_access_tokens";
DROP SEQUENCE IF EXISTS personal_access_tokens_id_seq;
CREATE SEQUENCE personal_access_tokens_id_seq INCREMENT 1 MINVALUE 1 MAXVALUE 9223372036854775807 CACHE 1;

CREATE TABLE "public"."personal_access_tokens" (
    "id" bigint DEFAULT nextval('personal_access_tokens_id_seq') NOT NULL,
    "tokenable_type" character varying(255) NOT NULL,
    "tokenable_id" bigint NOT NULL,
    "name" character varying(255) NOT NULL,
    "token" character varying(64) NOT NULL,
    "abilities" text,
    "last_used_at" timestamp(0),
    "created_at" timestamp(0),
    "updated_at" timestamp(0),
    CONSTRAINT "personal_access_tokens_pkey" PRIMARY KEY ("id"),
    CONSTRAINT "personal_access_tokens_token_unique" UNIQUE ("token")
) WITH (oids = false);

CREATE INDEX "personal_access_tokens_tokenable_type_tokenable_id_index" ON "public"."personal_access_tokens" USING btree ("tokenable_type", "tokenable_id");

TRUNCATE "personal_access_tokens";

DROP TABLE IF EXISTS "video_previews";
DROP SEQUENCE IF EXISTS video_previews_id_seq;
CREATE SEQUENCE video_previews_id_seq INCREMENT 1 MINVALUE 1 MAXVALUE 9223372036854775807 CACHE 1;

CREATE TABLE "public"."video_previews" (
    "id" bigint DEFAULT nextval('video_previews_id_seq') NOT NULL,
    "channel_id" bigint NOT NULL,
    "video_id" bigint NOT NULL,
    "thumbnail_url" character varying(255) NOT NULL,
    "hash" character varying(255) NOT NULL,
    "created_at" timestamp(0),
    "updated_at" timestamp(0),
    CONSTRAINT "video_previews_pkey" PRIMARY KEY ("id")
) WITH (oids = false);

CREATE INDEX "video_previews_channel_id_index" ON "public"."video_previews" USING btree ("channel_id");

CREATE INDEX "video_previews_video_id_index" ON "public"."video_previews" USING btree ("video_id");

TRUNCATE "video_previews";
INSERT INTO "video_previews" ("id", "channel_id", "video_id", "thumbnail_url", "hash", "created_at", "updated_at") VALUES
(1,	1,	1,	'UC2NE5xoN-6_BoS0Zl9PoCcg/vj2uTiI1tUA.jpg',	'cec5ba9bee6848f2ee9d664858104e3eec7231d5',	'2021-10-31 10:20:54',	'2021-10-31 10:20:54'),
(2,	1,	2,	'UC2NE5xoN-6_BoS0Zl9PoCcg/8_OCJkI95_k.jpg',	'83e16d9f2dc16af36a3872f3befa98bd316e776d',	'2021-10-31 10:20:55',	'2021-10-31 10:20:55'),
(3,	1,	3,	'UC2NE5xoN-6_BoS0Zl9PoCcg/dyZZUTAmcTU.jpg',	'4afd17a61eafb7a691724101eaa18577cec2b4dd',	'2021-10-31 10:20:55',	'2021-10-31 10:20:55'),
(4,	1,	4,	'UC2NE5xoN-6_BoS0Zl9PoCcg/jc-VFXZJUkI.jpg',	'93367af7baee20bee2803324befc408c40c923c4',	'2021-10-31 10:20:55',	'2021-10-31 10:20:55'),
(5,	1,	5,	'UC2NE5xoN-6_BoS0Zl9PoCcg/vhs-s8OBTOk.jpg',	'889aa3f9888bddc1f450d215899044732e7e7630',	'2021-10-31 10:20:55',	'2021-10-31 10:20:55'),
(6,	1,	6,	'UC2NE5xoN-6_BoS0Zl9PoCcg/XRlw7-MqdMM.jpg',	'4a2205042963aeceafd84766d7ccf0c23bedb951',	'2021-10-31 10:20:55',	'2021-10-31 10:20:55'),
(7,	1,	7,	'UC2NE5xoN-6_BoS0Zl9PoCcg/aKma-tSzb6c.jpg',	'9a43384a34d7b113d4b03db509778f706d50e293',	'2021-10-31 10:20:55',	'2021-10-31 10:20:55'),
(8,	1,	8,	'UC2NE5xoN-6_BoS0Zl9PoCcg/zTk0KS2kXVY.jpg',	'ed7c5ca00789110509d098b79c35e54493758ef7',	'2021-10-31 10:20:56',	'2021-10-31 10:20:56'),
(9,	1,	9,	'UC2NE5xoN-6_BoS0Zl9PoCcg/budUD4bInf4.jpg',	'053944f5b5b57dc9e1267e2a5ddcd2f8a987f170',	'2021-10-31 10:20:56',	'2021-10-31 10:20:56'),
(10,	1,	10,	'UC2NE5xoN-6_BoS0Zl9PoCcg/2bAotYG3_HM.jpg',	'a95100b91692ae5656ff088f4e18782ee8d2aa78',	'2021-10-31 10:20:56',	'2021-10-31 10:20:56'),
(11,	1,	11,	'UC2NE5xoN-6_BoS0Zl9PoCcg/dTec_dw4kIg.jpg',	'3fab7a91716f249ab71ba8e8950103170ccad02b',	'2021-10-31 10:20:56',	'2021-10-31 10:20:56'),
(12,	1,	12,	'UC2NE5xoN-6_BoS0Zl9PoCcg/ktlusEpx0M0.jpg',	'090680cb1c3424fd820b5d9b54517309804b4f73',	'2021-10-31 10:20:56',	'2021-10-31 10:20:56'),
(13,	1,	13,	'UC2NE5xoN-6_BoS0Zl9PoCcg/ilsx-7C8YEk.jpg',	'46714270d95fbd0595df7db1a3d1d217794835a0',	'2021-10-31 10:20:56',	'2021-10-31 10:20:56'),
(14,	1,	14,	'UC2NE5xoN-6_BoS0Zl9PoCcg/jtrnofWWMt4.jpg',	'488187dc5e57671f6e70b70646548b39507906d7',	'2021-10-31 10:20:57',	'2021-10-31 10:20:57'),
(15,	1,	15,	'UC2NE5xoN-6_BoS0Zl9PoCcg/SWLNUOYOorw.jpg',	'd0ff4d4067fb7f3757521806c60342e6106d5fc5',	'2021-10-31 10:20:57',	'2021-10-31 10:20:57'),
(16,	1,	16,	'UC2NE5xoN-6_BoS0Zl9PoCcg/Rv4aC75zZSk.jpg',	'8de53cbbe4afb9bedf9c42f0eb22d1298ad664e0',	'2021-11-04 11:00:11',	'2021-11-04 11:00:11'),
(17,	1,	17,	'UC2NE5xoN-6_BoS0Zl9PoCcg/HkGfIs_RsrE.jpg',	'6aee863250e5bf31fcccf3780288143566741144',	'2021-11-04 11:00:12',	'2021-11-04 11:00:12'),
(18,	1,	18,	'UC2NE5xoN-6_BoS0Zl9PoCcg/pNB6ChH8iPU.jpg',	'c0886fec74fcfb4ec509472e1b73c1530ac60710',	'2021-11-04 11:00:12',	'2021-11-04 11:00:12'),
(19,	1,	19,	'UC2NE5xoN-6_BoS0Zl9PoCcg/rpXrLH1Cskk.jpg',	'2deebb10215a9778080238736816557cc12f549e',	'2021-11-05 12:00:13',	'2021-11-05 12:00:13'),
(20,	1,	20,	'UC2NE5xoN-6_BoS0Zl9PoCcg/9fLYrzDAuC0.jpg',	'1dff0a38099703ba9a4013c4099474a492aac706',	'2021-11-05 14:00:14',	'2021-11-05 14:00:14'),
(21,	2,	23,	'UCZnkDta6T_VYdOhms5Rtcyg/r-ZOnRNYOBE.jpg',	'8a00519172628f6b3cd5409b10a052da7091463d',	'2021-11-05 17:01:42',	'2021-11-05 17:01:42'),
(22,	3,	36,	'UCS8nHBEMpPeaDcj6roORccg/rlRsmBaEvOM.jpg',	'db1acc50608b5e0aca1516499d66c4472cc671d7',	'2021-11-05 17:01:44',	'2021-11-05 17:01:44'),
(23,	3,	37,	'UCS8nHBEMpPeaDcj6roORccg/66JPRzpvjgc.jpg',	'67de191d1181b2e71060fa70675d80587f711927',	'2021-11-05 17:01:44',	'2021-11-05 17:01:44'),
(24,	3,	38,	'UCS8nHBEMpPeaDcj6roORccg/PytMXdfMARk.jpg',	'9a42302ff9c341e3aa83f55c9d8d275d6c33df8a',	'2021-11-05 17:01:44',	'2021-11-05 17:01:44'),
(25,	3,	39,	'UCS8nHBEMpPeaDcj6roORccg/KEV-9Yuz-ks.jpg',	'5cf93b56ba42e208edffa335f14d56b5f12947b1',	'2021-11-05 17:01:44',	'2021-11-05 17:01:44'),
(26,	3,	40,	'UCS8nHBEMpPeaDcj6roORccg/dztNRqKnWEk.jpg',	'f1b0a096ddd7b406349bc1102253433b4efad880',	'2021-11-05 17:01:45',	'2021-11-05 17:01:45'),
(27,	3,	41,	'UCS8nHBEMpPeaDcj6roORccg/Hy_eOQnBCv0.jpg',	'a4ce9bb4c2ba583fe34aa7ceb5e20eb318e8516b',	'2021-11-05 17:01:45',	'2021-11-05 17:01:45'),
(28,	3,	42,	'UCS8nHBEMpPeaDcj6roORccg/AikAOZoNjTs.jpg',	'0d7ec3379f9e74a5a8b46afb0e5a4bb4b8d1beb3',	'2021-11-05 17:01:45',	'2021-11-05 17:01:45'),
(29,	3,	43,	'UCS8nHBEMpPeaDcj6roORccg/kwIlEuYY07o.jpg',	'd99c8bc877aade11f5689ce95b5bd56f60570816',	'2021-11-05 17:01:45',	'2021-11-05 17:01:45'),
(30,	3,	44,	'UCS8nHBEMpPeaDcj6roORccg/ouqvlOXvch4.jpg',	'fb9f70c0c69fdeb588ec3ef7cde5c62537d05fdf',	'2021-11-05 17:01:45',	'2021-11-05 17:01:45'),
(31,	3,	45,	'UCS8nHBEMpPeaDcj6roORccg/TxR_iUbGp3c.jpg',	'9b9902c1e28ecf51fb7eab924c246ad129f78033',	'2021-11-05 17:01:45',	'2021-11-05 17:01:45'),
(32,	3,	46,	'UCS8nHBEMpPeaDcj6roORccg/xedqKk2g9PY.jpg',	'06216535438dc9dbbf7c328d06d9ed3e04fb7b11',	'2021-11-05 17:01:45',	'2021-11-05 17:01:45'),
(33,	3,	47,	'UCS8nHBEMpPeaDcj6roORccg/oplK-c5GTLU.jpg',	'8923b8e9d8881594249aa0cbc52bf873f3f59162',	'2021-11-05 17:01:46',	'2021-11-05 17:01:46'),
(34,	3,	48,	'UCS8nHBEMpPeaDcj6roORccg/rxo7rE4q4bo.jpg',	'c46f43dc81a52d6a12b824a06d0bf03ba361e72d',	'2021-11-05 17:01:46',	'2021-11-05 17:01:46'),
(35,	3,	49,	'UCS8nHBEMpPeaDcj6roORccg/Jcj19NmhrEE.jpg',	'24108f4fdcf38cff62f88927171536d8dabda5c1',	'2021-11-05 17:01:46',	'2021-11-05 17:01:46'),
(36,	3,	50,	'UCS8nHBEMpPeaDcj6roORccg/u0TeV-0JCI0.jpg',	'b1cd9214f46d19b721a5effbf707f063403b0f6b',	'2021-11-05 17:01:46',	'2021-11-05 17:01:46');

DROP TABLE IF EXISTS "videos";
DROP SEQUENCE IF EXISTS videos_id_seq;
CREATE SEQUENCE videos_id_seq INCREMENT 1 MINVALUE 1 MAXVALUE 9223372036854775807 CACHE 1;

CREATE TABLE "public"."videos" (
    "id" bigint DEFAULT nextval('videos_id_seq') NOT NULL,
    "channel_id" bigint NOT NULL,
    "title" character varying(255) NOT NULL,
    "description" text,
    "url" character varying(255) NOT NULL,
    "video_id" character varying(255) NOT NULL,
    "published_at" timestamp(0) NOT NULL,
    "thumbnail_url" character varying(255),
    "views" integer,
    "rating_count" integer,
    "length_seconds" integer,
    "status" smallint DEFAULT '1' NOT NULL,
    "created_at" timestamp(0),
    "updated_at" timestamp(0),
    CONSTRAINT "videos_pkey" PRIMARY KEY ("id")
) WITH (oids = false);

CREATE INDEX "videos_channel_id_index" ON "public"."videos" USING btree ("channel_id");

CREATE INDEX "videos_video_id_index" ON "public"."videos" USING btree ("video_id");

TRUNCATE "videos";
INSERT INTO "videos" ("id", "channel_id", "title", "description", "url", "video_id", "published_at", "thumbnail_url", "views", "rating_count", "length_seconds", "status", "created_at", "updated_at") VALUES
(2,	1,	'bolalar uchun politsiya mashinasini chizish|draw a police car for children|  ',	'bolalar uchun politsiya mashinasini chizish|draw a police car for children|    
https://youtu.be/8_OCJkI95_k
#FunKeepArt, #BeTaiNangTV, #ToBiART, #Drawapicture, #drawapicture,  #, #, #, #rasmchizish, #, #drawdolls, #bolalaruchunrasmchizish, #, #drawingforchildren, #, #   #, # , #ocuklariinizim, #dessinpourenfants, #
#Draw, #drawing, #drawpicture, #picture, #drawpicture, #drawdolls, #drawtoys, #drawtoys, #drawdolls, #drawpictureozbek, #drawpictureozbek, #cuteDraws, #cutedraws,
# #, # #, #, #rasm #chizish, # # #, # # #, #bolalar #uchun #rasm #chizish, # # #, #drawing #for #children, # # #, # ## # # # #, ## , #ocuklar #iin #izim, #dessin #pour #enfants, #
#Draw, #drawing, #drawpicture, #picture, #draw #picture, #draw #dolls, #draw #toys, #drawtoys, #drawdolls, #drawpictureozbek, #draw #picture #ozbek, #cute #Draws, #cute #draws #popit',	'https://www.youtube.com/watch?v=8_OCJkI95_k',	'8_OCJkI95_k',	'2021-10-28 20:58:04',	'UC2NE5xoN-6_BoS0Zl9PoCcg/8_OCJkI95_k.jpg',	17,	1,	78,	1,	'2021-10-31 10:20:55',	'2021-10-31 10:21:15'),
(4,	1,	'Bolalar uchun olma chizish|Drawing an apple POP IT for children|  Pop It  ',	'Bolalar uchun olma chizish|Drawing an apple POP IT for children|  Pop It  
https://youtu.be/jc-VFXZJUkI
#FunKeepArt, #BeTaiNangTV, #ToBiART, #Drawapicture, #drawapicture,  #, #, #, #rasmchizish, #, #drawdolls, #bolalaruchunrasmchizish, #, #drawingforchildren, #, #   #, # , #ocuklariinizim, #dessinpourenfants, #
#Draw, #drawing, #drawpicture, #picture, #drawpicture, #drawdolls, #drawtoys, #drawtoys, #drawdolls, #drawpictureozbek, #drawpictureozbek, #cuteDraws, #cutedraws,
# #, # #, #, #rasm #chizish, # # #, # # #, #bolalar #uchun #rasm #chizish, # # #, #drawing #for #children, # # #, # ## # # # #, ## , #ocuklar #iin #izim, #dessin #pour #enfants, #
#Draw, #drawing, #drawpicture, #picture, #draw #picture, #draw #dolls, #draw #toys, #drawtoys, #drawdolls, #drawpictureozbek, #draw #picture #ozbek, #cute #Draws, #cute #draws #popit',	'https://www.youtube.com/watch?v=jc-VFXZJUkI',	'jc-VFXZJUkI',	'2021-10-28 11:16:01',	'UC2NE5xoN-6_BoS0Zl9PoCcg/jc-VFXZJUkI.jpg',	10,	3,	63,	1,	'2021-10-31 10:20:55',	'2021-10-31 10:21:16'),
(29,	2,	'Bolalar uchun  alifbo chizish /Drawing Alphabet for children/   ',	'#FunKeepArt, #BeTaiNangTV, #ToBiART, #Drawapicture, #drawapicture,  #, #, #, #rasmchizish, #, #drawdolls, #bolalaruchunrasmchizish, #, #drawingforchildren,',	'https://www.youtube.com/watch?v=AwlAsy4QvPE',	'AwlAsy4QvPE',	'2021-11-05 03:41:26',	'',	45635,	373,	63,	1,	'2021-11-05 17:01:42',	'2021-11-05 17:03:27'),
(30,	2,	'Bolalar uchun qo''g''irchoq rasm chizish/Drawing doll for children/   ',	'#FunKeepArt, #BeTaiNangTV, #ToBiART, #Drawapicture, #drawapicture,  #, #, #, #rasmchizish, #, #drawdolls, #bolalaruchunrasmchizish, #, #drawingforchildren,',	'https://www.youtube.com/watch?v=oGL_IxxLMt4',	'oGL_IxxLMt4',	'2021-11-05 01:30:11',	'',	278515,	2795,	108,	1,	'2021-11-05 17:01:42',	'2021-11-05 17:03:27'),
(31,	2,	'Bolalar Uchun Tuxum rasm chizish / Drawing Egg for children with kids song /   ',	'#FunKeepArt, #BeTaiNangTV, #ToBiART, #Drawapicture, #drawapicture,  #, #, #, #rasmchizish, #, #drawdolls, #bolalaruchunrasmchizish, #, #drawingforchildren,',	'https://www.youtube.com/watch?v=m1z2809wXoU',	'm1z2809wXoU',	'2021-11-05 00:00:27',	'',	303691,	2832,	84,	1,	'2021-11-05 17:01:43',	'2021-11-05 17:03:27'),
(32,	2,	'Bolalar uchun Qisqichbaqa rasmini chizish | Drawing Sea Animals for children |   ',	'#FunKeepArt, #BeTaiNangTV, #ToBiART, #Drawapicture, #drawapicture,  #, #, #, #rasmchizish, #, #drawdolls, #bolalaruchunrasmchizish, #, #drawingforchildren,',	'https://www.youtube.com/watch?v=dgjvjo7Q6sQ',	'dgjvjo7Q6sQ',	'2021-11-04 22:00:11',	'',	109630,	910,	58,	1,	'2021-11-05 17:01:43',	'2021-11-05 17:03:28'),
(33,	2,	'Bolalar uchun baraban rasm chizish/Drawing drum for kids/   ',	'#FunKeepArt, #BeTaiNangTV, #ToBiART, #Drawapicture, #drawapicture,  #, #, #, #rasmchizish, #, #drawdolls, #bolalaruchunrasmchizish, #, #drawingforchildren,',	'https://www.youtube.com/watch?v=_TC2aIXUXQU',	'_TC2aIXUXQU',	'2021-11-04 20:00:20',	'',	157036,	1595,	94,	1,	'2021-11-05 17:01:43',	'2021-11-05 17:03:28'),
(5,	1,	'drawing a picture POP IT|     |     |    ',	'drawing a picture POP IT|    |     |    
https://youtu.be/vhs-s8OBTOk
#FunKeepArt, #BeTaiNangTV, #ToBiART, #Drawapicture, #drawapicture,  #, #, #, #rasmchizish, #, #drawdolls, #bolalaruchunrasmchizish, #, #drawingforchildren, #, #   #, # , #ocuklariinizim, #dessinpourenfants, #
#Draw, #drawing, #drawpicture, #picture, #drawpicture, #drawdolls, #drawtoys, #drawtoys, #drawdolls, #drawpictureozbek, #drawpictureozbek, #cuteDraws, #cutedraws,
# #, # #, #, #rasm #chizish, # # #, # # #, #bolalar #uchun #rasm #chizish, # # #, #drawing #for #children, # # #, # ## # # # #, ## , #ocuklar #iin #izim, #dessin #pour #enfants, #
#Draw, #drawing, #drawpicture, #picture, #draw #picture, #draw #dolls, #draw #toys, #drawtoys, #drawdolls, #drawpictureozbek, #draw #picture #ozbek, #cute #Draws, #cute #draws, #een #afbeelding #tekenen #van #een #damestas  # # ## #dessiner #une #image #d''un #sac #pour #femme # # # # #drawing #a #picture #of #a #women''s #bag #popit #popits',	'https://www.youtube.com/watch?v=vhs-s8OBTOk',	'vhs-s8OBTOk',	'2021-10-27 19:28:41',	'UC2NE5xoN-6_BoS0Zl9PoCcg/vhs-s8OBTOk.jpg',	13,	2,	87,	1,	'2021-10-31 10:20:55',	'2021-10-31 10:21:17'),
(7,	1,	'draw a picture of a doctor''s dress |     |    ',	'draw a picture of a doctor''s dress |     |    
https://youtu.be/aKma-tSzb6c
#FunKeepArt, #BeTaiNangTV, #ToBiART, #Drawapicture, #drawapicture,  #, #, #, #rasmchizish, #, #drawdolls, #bolalaruchunrasmchizish, #, #drawingforchildren, #, #   #, # , #ocuklariinizim, #dessinpourenfants, #
#Draw, #drawing, #drawpicture, #picture, #drawpicture, #drawdolls, #drawtoys, #drawtoys, #drawdolls, #drawpictureozbek, #drawpictureozbek, #cuteDraws, #cutedraws,
# #, # #, #, #rasm #chizish, # # #, # # #, #bolalar #uchun #rasm #chizish, # # #, #drawing #for #children, # # #, # ## # # # #, ## , #ocuklar #iin #izim, #dessin #pour #enfants, #
#Draw, #drawing, #drawpicture, #picture, #draw #picture, #draw #dolls, #draw #toys, #drawtoys, #drawdolls, #drawpictureozbek, #draw #picture #ozbek, #cute #Draws, #cute #draws #popit',	'https://www.youtube.com/watch?v=aKma-tSzb6c',	'aKma-tSzb6c',	'2021-10-27 10:16:04',	'UC2NE5xoN-6_BoS0Zl9PoCcg/aKma-tSzb6c.jpg',	13,	1,	46,	1,	'2021-10-31 10:20:55',	'2021-10-31 10:21:18'),
(35,	2,	'Bolalar uchun Uy rasm chizish/Drawing House for children/   ',	'#FunKeepArt, #BeTaiNangTV, #ToBiART, #Drawapicture, #drawapicture,  #, #, #, #rasmchizish, #, #drawdolls, #bolalaruchunrasmchizish, #, #drawingforchildren,',	'https://www.youtube.com/watch?v=xpoFwtZIIJM',	'xpoFwtZIIJM',	'2021-11-04 16:30:06',	'',	82905,	628,	84,	1,	'2021-11-05 17:01:43',	'2021-11-05 17:03:29'),
(37,	3,	'Bolalar Uchun sovga qutisi rasm chizish / Drawing a gift for children /    ',	'Bolalar Uchun sovga qutisi rasm chizish / Drawing a gift for children /    

#FunKeepArt, #BeTaiNangTV, #ToBiART, #Drawapicture, #drawapicture,  #, #, #, #rasmchizish, #, #drawdolls, #bolalaruchunrasmchizish, #, #drawingforchildren, #FunKeepArt, #BeTaiNangTV, #ToBiART, #Drawapicture, #drawapicture,  #, #, #, #rasmchizish, #, #drawdolls, #bolalaruchunrasmchizish, #, #drawingforchildren, #, #   #, # , #ocuklariinizim, #dessinpourenfants, #
#Draw, #drawing, #drawpicture, #picture, #drawpicture, #drawdolls, #drawtoys, #drawtoys, #drawdolls, #drawpictureozbek, #drawpictureozbek, #cuteDraws, #cutedraws,
# #, # #, #, #rasm #chizish, # # #, # # #, #bolalar #uchun #rasm #chizish, # # #, #drawing #for #children, # # #, # ## # # # #, ## , #ocuklar #iin #izim, #dessin #pour #enfants, #
#Draw, #drawing, #drawpicture, #picture, #draw #picture, #draw #dolls, #draw #toys, #drawtoys, #drawdolls, #drawpictureozbek, #draw #picture #ozbek, #cute #Draws, #cute #draws,',	'https://www.youtube.com/watch?v=66JPRzpvjgc',	'66JPRzpvjgc',	'2021-11-05 13:43:50',	'UCS8nHBEMpPeaDcj6roORccg/66JPRzpvjgc.jpg',	6222,	88,	104,	1,	'2021-11-05 17:01:44',	'2021-11-05 17:03:31'),
(38,	3,	'Yummy fruits Watermelon drawing with Song for Kids',	'Yummy fruits Watermelon drawing with Song for Kids like Nastya',	'https://www.youtube.com/watch?v=PytMXdfMARk',	'PytMXdfMARk',	'2021-11-05 11:00:13',	'UCS8nHBEMpPeaDcj6roORccg/PytMXdfMARk.jpg',	1789,	19,	77,	1,	'2021-11-05 17:01:44',	'2021-11-05 17:03:31'),
(10,	1,	'Draw a picture of a shark|  |  |  ',	'Draw a picture of a shark|  |  |  
https://youtu.be/2bAotYG3_HM
#FunKeepArt, #BeTaiNangTV, #ToBiART, #Drawapicture, #drawapicture,  #, #, #, #rasmchizish, #, #drawdolls, #bolalaruchunrasmchizish, #, #drawingforchildren, #, #   #, # , #ocuklariinizim, #dessinpourenfants, #
#Draw, #drawing, #drawpicture, #picture, #drawpicture, #drawdolls, #drawtoys, #drawtoys, #drawdolls, #drawpictureozbek, #drawpictureozbek, #cuteDraws, #cutedraws,
# #, # #, #, #rasm #chizish, # # #, # # #, #bolalar #uchun #rasm #chizish, # # #, #drawing #for #children, # # #, # ## # # # #, ## , #ocuklar #iin #izim, #dessin #pour #enfants, #
#Draw, #drawing, #drawpicture, #picture, #draw #picture, #draw #dolls, #draw #toys, #drawtoys, #drawdolls, #drawpictureozbek, #draw #picture #ozbek, #cute #Draws, #cute #draws #popit',	'https://www.youtube.com/watch?v=2bAotYG3_HM',	'2bAotYG3_HM',	'2021-10-25 13:51:54',	'UC2NE5xoN-6_BoS0Zl9PoCcg/2bAotYG3_HM.jpg',	50,	2,	73,	1,	'2021-10-31 10:20:56',	'2021-10-31 10:21:20'),
(11,	1,	'Drawing a picture rabbit| |  |  ',	'Drawing a picture rabbit| |  |  
https://youtu.be/dTec_dw4kIg
#FunKeepArt, #BeTaiNangTV, #ToBiART, #Drawapicture, #drawapicture,  #, #, #, #rasmchizish, #, #drawdolls, #bolalaruchunrasmchizish, #, #drawingforchildren, #, #   #, # , #ocuklariinizim, #dessinpourenfants, #
#Draw, #drawing, #drawpicture, #picture, #drawpicture, #drawdolls, #drawtoys, #drawtoys, #drawdolls, #drawpictureozbek, #drawpictureozbek, #cuteDraws, #cutedraws,
# #, # #, #, #rasm #chizish, # # #, # # #, #bolalar #uchun #rasm #chizish, # # #, #drawing #for #children, # # #, # ## # # # #, ## , #ocuklar #iin #izim, #dessin #pour #enfants, #
#Draw, #drawing, #drawpicture, #picture, #draw #picture, #draw #dolls, #draw #toys, #drawtoys, #drawdolls, #drawpictureozbek, #draw #picture #ozbek, #cute #Draws, #cute #draws #popit',	'https://www.youtube.com/watch?v=dTec_dw4kIg',	'dTec_dw4kIg',	'2021-10-25 09:59:04',	'UC2NE5xoN-6_BoS0Zl9PoCcg/dTec_dw4kIg.jpg',	208,	2,	64,	1,	'2021-10-31 10:20:56',	'2021-10-31 10:21:20'),
(48,	3,	'Bolalar uchun chumoli rasm chizish / Drawing Rainbow Ant for children /   ',	'Bolalar uchun chumoli rasm chizish / Drawing Rainbow Ant for children /   

#FunKeepArt, #BeTaiNangTV, #ToBiART, #Drawapicture, #drawapicture,  #, #, #, #rasmchizish, #, #drawdolls, #bolalaruchunrasmchizish, #, #drawingforchildren,',	'https://www.youtube.com/watch?v=rxo7rE4q4bo',	'rxo7rE4q4bo',	'2021-11-04 03:00:30',	'UCS8nHBEMpPeaDcj6roORccg/rxo7rE4q4bo.jpg',	45917,	416,	66,	1,	'2021-11-05 17:01:46',	'2021-11-05 17:03:36'),
(50,	3,	'Bolalar Uchun Pomidor rasm chizish / Drawing Tomato for kids with song /    ',	'Bolalar Uchun Pomidor rasm chizish / Drawing Tomato for kids with song /    

#FunKeepArt, #BeTaiNangTV, #ToBiART, #Drawapicture, #drawapicture,  #, #, #, #rasmchizish, #, #drawdolls, #bolalaruchunrasmchizish, #, #drawingforchildren,',	'https://www.youtube.com/watch?v=u0TeV-0JCI0',	'u0TeV-0JCI0',	'2021-11-03 18:45:22',	'UCS8nHBEMpPeaDcj6roORccg/u0TeV-0JCI0.jpg',	38874,	304,	75,	1,	'2021-11-05 17:01:46',	'2021-11-05 17:03:38'),
(1,	1,	'Bolalar uchun Qalam rasm chizish/Drawing Pencil for children/   ',	'Bolalar uchun Qalam rasm chizish/Drawing Pencil for children/   
https://youtu.be/vj2uTiI1tUA
#FunKeepArt, #BeTaiNangTV, #ToBiART, #Drawapicture, #drawapicture,  #, #, #, #rasmchizish, #, #drawdolls, #bolalaruchunrasmchizish, #, #drawingforchildren, #, #   #, # , #ocuklariinizim, #dessinpourenfants, #
#Draw, #drawing, #drawpicture, #picture, #drawpicture, #drawdolls, #drawtoys, #drawtoys, #drawdolls, #drawpictureozbek, #drawpictureozbek, #cuteDraws, #cutedraws,
# #, # #, #, #rasm #chizish, # # #, # # #, #bolalar #uchun #rasm #chizish, # # #, #drawing #for #children, # # #, # ## # # # #, ## , #ocuklar #iin #izim, #dessin #pour #enfants, #
#Draw, #drawing, #drawpicture, #picture, #draw #picture, #draw #dolls, #draw #toys, #drawtoys, #drawdolls, #drawpictureozbek, #draw #picture #ozbek, #cute #Draws, #cute #draws #popit',	'https://www.youtube.com/watch?v=vj2uTiI1tUA',	'vj2uTiI1tUA',	'2021-10-30 16:54:49',	'UC2NE5xoN-6_BoS0Zl9PoCcg/vj2uTiI1tUA.jpg',	4,	0,	59,	1,	'2021-10-31 10:20:54',	'2021-10-31 10:21:15'),
(13,	1,	'draw a picture pop it star |      |   ',	'#, #, #, #rasmchizish, #, #drawdolls, #bolalaruchunrasmchizish, #, #drawingforchildren, #, # #, # , #ocuklariinizim, #dessinpourenfants, #
#Draw, #drawing, #drawpicture, #picture, #drawpicture, #drawdolls, #drawtoys, #drawtoys, #drawdolls, #drawpictureozbek, #drawpictureozbek, #cuteDraws, #cutedraws,
# #, # #, #, #rasm #chizish, # # #, # # #, #bolalar #uchun #rasm #chizish, # # #, #drawing #for #children, # # #, # # # # #, ## , #ocuklar #iin #izim, #dessin #pour #enfants, #
#Draw, #drawing, #drawpicture, #picture, #draw #picture, #draw #dolls, #draw #toys, #drawtoys, #drawdolls, #drawpictureozbek, #draw #picture #ozbek, #cute Draws, #cute draws, #FunKeepArt, #BeTaiNangTV, #ToBiART',	'https://www.youtube.com/watch?v=ilsx-7C8YEk',	'ilsx-7C8YEk',	'2021-10-23 19:25:52',	'UC2NE5xoN-6_BoS0Zl9PoCcg/ilsx-7C8YEk.jpg',	33,	1,	47,	1,	'2021-10-31 10:20:56',	'2021-10-31 10:21:21'),
(15,	1,	'draw a picture of a worm/  /  /  ',	'draw a picture of a worm/  /  /  
#, #, #, #rasmchizish, #, #drawdolls, #bolalaruchunrasmchizish, #, #drawingforchildren, #, # #, # , #ocuklariinizim, #dessinpourenfants, #
#Draw, #drawing, #drawpicture, #picture, #drawpicture, #drawdolls, #drawtoys, #drawtoys, #drawdolls, #drawpictureozbek, #drawpictureozbek, #cuteDraws, #cutedraws,
# #, # #, #, #rasm #chizish, # # #, # # #, #bolalar #uchun #rasm #chizish, # # #, #drawing #for #children, # # #, # # # # #, ## , #ocuklar #iin #izim, #dessin #pour #enfants, #
#Draw, #drawing, #drawpicture, #picture, #draw #picture, #draw #dolls, #draw #toys, #drawtoys, #drawdolls, #drawpictureozbek, #draw #picture #ozbek, #cute Draws, #cute draws, #FunKeepArt, #BeTaiNangTV, #ToBiART',	'https://www.youtube.com/watch?v=SWLNUOYOorw',	'SWLNUOYOorw',	'2021-10-22 11:58:23',	'UC2NE5xoN-6_BoS0Zl9PoCcg/SWLNUOYOorw.jpg',	210,	6,	43,	1,	'2021-10-31 10:20:57',	'2021-10-31 10:21:23'),
(34,	2,	'Bolalar uchun qozon rasm chizish / Drawing pot, ladle for children /   ',	'#FunKeepArt, #BeTaiNangTV, #ToBiART, #Drawapicture, #drawapicture,  #, #, #, #rasmchizish, #, #drawdolls, #bolalaruchunrasmchizish, #, #drawingforchildren,',	'https://www.youtube.com/watch?v=0Kgv3LtOgIA',	'0Kgv3LtOgIA',	'2021-11-04 18:00:01',	'',	61942,	471,	46,	1,	'2021-11-05 17:01:43',	'2021-11-05 17:03:29'),
(3,	1,	'Bolalar uchun muzqaymoq rasm chizish | ICE CREAM FOR KIDS Drawing |    ',	'Bolalar uchun muzqaymoq rasm chizish | ICE CREAM FOR KIDS Drawing |    
https://youtu.be/dyZZUTAmcTU
#FunKeepArt, #BeTaiNangTV, #ToBiART, #Drawapicture, #drawapicture,  #, #, #, #rasmchizish, #, #drawdolls, #bolalaruchunrasmchizish, #, #drawingforchildren, #, #   #, # , #ocuklariinizim, #dessinpourenfants, #
#Draw, #drawing, #drawpicture, #picture, #drawpicture, #drawdolls, #drawtoys, #drawtoys, #drawdolls, #drawpictureozbek, #drawpictureozbek, #cuteDraws, #cutedraws,
# #, # #, #, #rasm #chizish, # # #, # # #, #bolalar #uchun #rasm #chizish, # # #, #drawing #for #children, # # #, # ## # # # #, ## , #ocuklar #iin #izim, #dessin #pour #enfants, #
#Draw, #drawing, #drawpicture, #picture, #draw #picture, #draw #dolls, #draw #toys, #drawtoys, #drawdolls, #drawpictureozbek, #draw #picture #ozbek, #cute #Draws, #cute #draws #popit',	'https://www.youtube.com/watch?v=dyZZUTAmcTU',	'dyZZUTAmcTU',	'2021-10-28 17:56:05',	'UC2NE5xoN-6_BoS0Zl9PoCcg/dyZZUTAmcTU.jpg',	11,	2,	50,	1,	'2021-10-31 10:20:55',	'2021-10-31 10:21:16'),
(6,	1,	'draw a picture alphabet and numbers|   |    ',	'draw a picture alphabet and numbers|    |    
https://youtu.be/XRlw7-MqdMM
#FunKeepArt, #BeTaiNangTV, #ToBiART, #Drawapicture, #drawapicture,  #, #, #, #rasmchizish, #, #drawdolls, #bolalaruchunrasmchizish, #, #drawingforchildren, #, #   #, # , #ocuklariinizim, #dessinpourenfants, #
#Draw, #drawing, #drawpicture, #picture, #drawpicture, #drawdolls, #drawtoys, #drawtoys, #drawdolls, #drawpictureozbek, #drawpictureozbek, #cuteDraws, #cutedraws,
# #, # #, #, #rasm #chizish, # # #, # # #, #bolalar #uchun #rasm #chizish, # # #, #drawing #for #children, # # #, # ## # # # #, ## , #ocuklar #iin #izim, #dessin #pour #enfants, #
#Draw, #drawing, #drawpicture, #picture, #draw #picture, #draw #dolls, #draw #toys, #drawtoys, #drawdolls, #drawpictureozbek, #draw #picture #ozbek, #cute #Draws, #cute #draws #popit',	'https://www.youtube.com/watch?v=XRlw7-MqdMM',	'XRlw7-MqdMM',	'2021-10-27 15:56:38',	'UC2NE5xoN-6_BoS0Zl9PoCcg/XRlw7-MqdMM.jpg',	12,	2,	55,	1,	'2021-10-31 10:20:55',	'2021-10-31 10:21:17'),
(8,	1,	'Drawing Numbers |     |  |   ',	'Drawing Numbers |     |  |   
https://youtu.be/zTk0KS2kXVY
#FunKeepArt, #BeTaiNangTV, #ToBiART, #Drawapicture, #drawapicture,  #, #, #, #rasmchizish, #, #drawdolls, #bolalaruchunrasmchizish, #, #drawingforchildren, #, #   #, # , #ocuklariinizim, #dessinpourenfants, #
#Draw, #drawing, #drawpicture, #picture, #drawpicture, #drawdolls, #drawtoys, #drawtoys, #drawdolls, #drawpictureozbek, #drawpictureozbek, #cuteDraws, #cutedraws,
# #, # #, #, #rasm #chizish, # # #, # # #, #bolalar #uchun #rasm #chizish, # # #, #drawing #for #children, # # #, # ## # # # #, ## , #ocuklar #iin #izim, #dessin #pour #enfants, #
#Draw, #drawing, #drawpicture, #picture, #draw #picture, #draw #dolls, #draw #toys, #drawtoys, #drawdolls, #drawpictureozbek, #draw #picture #ozbek, #cute #Draws, #cute #draws #popit',	'https://www.youtube.com/watch?v=zTk0KS2kXVY',	'zTk0KS2kXVY',	'2021-10-26 13:40:27',	'UC2NE5xoN-6_BoS0Zl9PoCcg/zTk0KS2kXVY.jpg',	27,	1,	96,	1,	'2021-10-31 10:20:56',	'2021-10-31 10:21:19'),
(9,	1,	'Draw a picture of a cat |    |    ',	'Draw a picture of a cat |    |    
https://youtu.be/budUD4bInf4
#FunKeepArt, #BeTaiNangTV, #ToBiART, #Drawapicture, #drawapicture,  #, #, #, #rasmchizish, #, #drawdolls, #bolalaruchunrasmchizish, #, #drawingforchildren, #, #   #, # , #ocuklariinizim, #dessinpourenfants, #
#Draw, #drawing, #drawpicture, #picture, #drawpicture, #drawdolls, #drawtoys, #drawtoys, #drawdolls, #drawpictureozbek, #drawpictureozbek, #cuteDraws, #cutedraws,
# #, # #, #, #rasm #chizish, # # #, # # #, #bolalar #uchun #rasm #chizish, # # #, #drawing #for #children, # # #, # ## # # # #, ## , #ocuklar #iin #izim, #dessin #pour #enfants, #
#Draw, #drawing, #drawpicture, #picture, #draw #picture, #draw #dolls, #draw #toys, #drawtoys, #drawdolls, #drawpictureozbek, #draw #picture #ozbek, #cute #Draws, #cute #draws #popit',	'https://www.youtube.com/watch?v=budUD4bInf4',	'budUD4bInf4',	'2021-10-25 22:32:58',	'UC2NE5xoN-6_BoS0Zl9PoCcg/budUD4bInf4.jpg',	24,	2,	69,	1,	'2021-10-31 10:20:56',	'2021-10-31 10:21:19'),
(12,	1,	'Draw a picture of a caterpillar| |  |  ',	'Draw a picture of a caterpillar|  |  |  
https://youtu.be/ktlusEpx0M0
#FunKeepArt, #BeTaiNangTV, #ToBiART, #Drawapicture, #drawapicture,  #, #, #, #rasmchizish, #, #drawdolls, #bolalaruchunrasmchizish, #, #drawingforchildren, #, #   #, # , #ocuklariinizim, #dessinpourenfants, #
#Draw, #drawing, #drawpicture, #picture, #drawpicture, #drawdolls, #drawtoys, #drawtoys, #drawdolls, #drawpictureozbek, #drawpictureozbek, #cuteDraws, #cutedraws,
# #, # #, #, #rasm #chizish, # # #, # # #, #bolalar #uchun #rasm #chizish, # # #, #drawing #for #children, # # #, # ## # # # #, ## , #ocuklar #iin #izim, #dessin #pour #enfants, #
#Draw, #drawing, #drawpicture, #picture, #draw #picture, #draw #dolls, #draw #toys, #drawtoys, #drawdolls, #drawpictureozbek, #draw #picture #ozbek, #cute #Draws, #cute #draws #popit',	'https://www.youtube.com/watch?v=ktlusEpx0M0',	'ktlusEpx0M0',	'2021-10-24 08:57:56',	'UC2NE5xoN-6_BoS0Zl9PoCcg/ktlusEpx0M0.jpg',	22,	1,	86,	1,	'2021-10-31 10:20:56',	'2021-10-31 10:21:21'),
(14,	1,	'draw a computer picture |    |   |   ',	'#, #, #, #rasmchizish, #, #drawdolls, #bolalaruchunrasmchizish, #, #drawingforchildren, #, # #, # , #ocuklariinizim, #dessinpourenfants, #
#Draw, #drawing, #drawpicture, #picture, #drawpicture, #drawdolls, #drawtoys, #drawtoys, #drawdolls, #drawpictureozbek, #drawpictureozbek, #cuteDraws, #cutedraws,
# #, # #, #, #rasm #chizish, # # #, # # #, #bolalar #uchun #rasm #chizish, # # #, #drawing #for #children, # # #, # # # # #, ## , #ocuklar #iin #izim, #dessin #pour #enfants, #
#Draw, #drawing, #drawpicture, #picture, #draw #picture, #draw #dolls, #draw #toys, #drawtoys, #drawdolls, #drawpictureozbek, #draw #picture #ozbek, #cute Draws, #cute draws, #FunKeepArt, #BeTaiNangTV, #ToBiART',	'https://www.youtube.com/watch?v=jtrnofWWMt4',	'jtrnofWWMt4',	'2021-10-23 10:52:14',	'UC2NE5xoN-6_BoS0Zl9PoCcg/jtrnofWWMt4.jpg',	95,	2,	100,	1,	'2021-10-31 10:20:57',	'2021-10-31 10:21:22'),
(17,	1,	'Bolalar uchun Yulduz Pop it| Drawing picture star Pop it for kids|     ',	'Bolalar uchun Yulduz Pop it| Drawing picture star Pop it for kids|     
https://youtu.be/HkGfIs_RsrE
#FunKeepArt, #BeTaiNangTV, #ToBiART, #Drawapicture, #drawapicture,  #, #, #, #rasmchizish, #, #drawdolls, #bolalaruchunrasmchizish, #, #drawingforchildren, #, #   #, # , #ocuklariinizim, #dessinpourenfants, #
#Draw, #drawing, #drawpicture, #picture, #drawpicture, #drawdolls, #drawtoys, #drawtoys, #drawdolls, #drawpictureozbek, #drawpictureozbek, #cuteDraws, #cutedraws,
# #, # #, #, #rasm #chizish, # # #, # # #, #bolalar #uchun #rasm #chizish, # # #, #drawing #for #children, # # #, # ## # # # #, ## , #ocuklar #iin #izim, #dessin #pour #enfants, #
#Draw, #drawing, #drawpicture, #picture, #draw #picture, #draw #dolls, #draw #toys, #drawtoys, #drawdolls, #drawpictureozbek, #draw #picture #ozbek, #cute #Draws, #cute #draws #popit',	'https://www.youtube.com/watch?v=HkGfIs_RsrE',	'HkGfIs_RsrE',	'2021-11-01 23:17:48',	'UC2NE5xoN-6_BoS0Zl9PoCcg/HkGfIs_RsrE.jpg',	16,	2,	74,	1,	'2021-11-04 11:00:12',	'2021-11-04 11:30:12'),
(16,	1,	'Bolalar uchun mushuk va itni chizish |Drawing cat and dog for kids|     ',	'Bolalar uchun mushuk va itni chizish |Drawing cat and dog for kids|     
https://youtu.be/Rv4aC75zZSk
#FunKeepArt, #BeTaiNangTV, #ToBiART, #Drawapicture, #drawapicture,  #, #, #, #rasmchizish, #, #drawdolls, #bolalaruchunrasmchizish, #, #drawingforchildren, #, #   #, # , #ocuklariinizim, #dessinpourenfants, ##easykidsdrawing
#Draw, #drawing, #drawpicture, #picture, #drawpicture, #drawdolls, #drawtoys, #drawtoys, #drawdolls, #drawpictureozbek, #drawpictureozbek, #cuteDraws, #cutedraws,
# #, # #, #, #rasm #chizish, # # #, # # #, #bolalar #uchun #rasm #chizish, # # #, #drawing #for #children, # # #, # ## # # # #, ## , #ocuklar #iin #izim, #dessin #pour #enfants, #
#Draw, #drawing, #drawpicture, #picture, #draw #picture, #draw #dolls, #draw #toys, #drawtoys, #drawdolls, #drawpictureozbek, #draw #picture #ozbek, #cute #Draws, #cute #draws #popit',	'https://www.youtube.com/watch?v=Rv4aC75zZSk',	'Rv4aC75zZSk',	'2021-11-04 10:06:44',	'UC2NE5xoN-6_BoS0Zl9PoCcg/Rv4aC75zZSk.jpg',	0,	1,	118,	1,	'2021-11-04 11:00:11',	'2021-11-04 11:30:11'),
(18,	1,	'Bolalar uchun yashash xonasini chizish|Drawing living room for children|  ',	'Bolalar uchun yashash xonasini chizish | Drawing living room for children|   
https://youtu.be/pNB6ChH8iPU
#FunKeepArt, #BeTaiNangTV, #ToBiART, #Drawapicture, #drawapicture,  #, #, #, #rasmchizish, #, #drawdolls, #bolalaruchunrasmchizish, #, #drawingforchildren, #, #   #, # , #ocuklariinizim, #dessinpourenfants, #
#Draw, #drawing, #drawpicture, #picture, #drawpicture, #drawdolls, #drawtoys, #drawtoys, #drawdolls, #drawpictureozbek, #drawpictureozbek, #cuteDraws, #cutedraws,
# #, # #, #, #rasm #chizish, # # #, # # #, #bolalar #uchun #rasm #chizish, # # #, #drawing #for #children, # # #, # ## # # # #, ## , #ocuklar #iin #izim, #dessin #pour #enfants, #
#Draw, #drawing, #drawpicture, #picture, #draw #picture, #draw #dolls, #draw #toys, #drawtoys, #drawdolls, #drawpictureozbek, #draw #picture #ozbek, #cute #Draws, #cute #draws #popit',	'https://www.youtube.com/watch?v=pNB6ChH8iPU',	'pNB6ChH8iPU',	'2021-10-31 16:16:53',	'UC2NE5xoN-6_BoS0Zl9PoCcg/pNB6ChH8iPU.jpg',	37,	3,	190,	1,	'2021-11-04 11:00:12',	'2021-11-04 11:30:12'),
(19,	1,	'Bolalar uchun gul kaktuslarini chizish |Drawing flower cactus for kids|   ',	'Bolalar uchun gul kaktuslarini chizish |Drawing flower cactus for kids|    
https://youtu.be/rpXrLH1Cskk
#FunKeepArt, #BeTaiNangTV, #ToBiART, #Drawapicture, #drawapicture,  #, #, #, #rasmchizish, #, #drawdolls, #bolalaruchunrasmchizish, #, #drawingforchildren, #, #   #, # , #ocuklariinizim, #dessinpourenfants, ##easykidsdrawing
#Draw, #drawing, #drawpicture, #picture, #drawpicture, #drawdolls, #drawtoys, #drawtoys, #drawdolls, #drawpictureozbek, #drawpictureozbek, #cuteDraws, #cutedraws,
# #, # #, #, #rasm #chizish, # # #, # # #, #bolalar #uchun #rasm #chizish, # # #, #drawing #for #children, # # #, # ## # # # #, ## , #ocuklar #iin #izim, #dessin #pour #enfants, #
#Draw, #drawing, #drawpicture, #picture, #draw #picture, #draw #dolls, #draw #toys, #drawtoys, #drawdolls, #drawpictureozbek, #draw #picture #ozbek, #cute #Draws, #cute #draws #popit',	'https://www.youtube.com/watch?v=rpXrLH1Cskk',	'rpXrLH1Cskk',	'2021-11-05 11:01:36',	'UC2NE5xoN-6_BoS0Zl9PoCcg/rpXrLH1Cskk.jpg',	0,	0,	42,	1,	'2021-11-05 12:00:13',	'2021-11-05 12:30:12'),
(20,	1,	'Bolalar uchun chizilgan sandallar||Drawing sandals for children|   ',	'Bolalar uchun chizilgan sandallar||Drawing sandals for children|   
https://youtu.be/9fLYrzDAuC0
#FunKeepArt, #BeTaiNangTV, #ToBiART, #Drawapicture, #drawapicture,  #, #, #, #rasmchizish, #, #drawdolls, #bolalaruchunrasmchizish, #, #drawingforchildren, #, #   #, # , #ocuklariinizim, #dessinpourenfants, ##easykidsdrawing
#Draw, #drawing, #drawpicture, #picture, #drawpicture, #drawdolls, #drawtoys, #drawtoys, #drawdolls, #drawpictureozbek, #drawpictureozbek, #cuteDraws, #cutedraws,
# #, # #, #, #rasm #chizish, # # #, # # #, #bolalar #uchun #rasm #chizish, # # #, #drawing #for #children, # # #, # ## # # # #, ## , #ocuklar #iin #izim, #dessin #pour #enfants, #
#Draw, #drawing, #drawpicture, #picture, #draw #picture, #draw #dolls, #draw #toys, #drawtoys, #drawdolls, #drawpictureozbek, #draw #picture #ozbek, #cute #Draws, #cute #draws #popit',	'https://www.youtube.com/watch?v=9fLYrzDAuC0',	'9fLYrzDAuC0',	'2021-11-05 13:43:11',	'UC2NE5xoN-6_BoS0Zl9PoCcg/9fLYrzDAuC0.jpg',	0,	1,	40,	1,	'2021-11-05 14:00:14',	'2021-11-05 14:30:13'),
(21,	2,	'Draw vegetables for kids,Bolalar uchun sabzi rasmini chizish,   ',	'#FunKeepArt, #BeTaiNangTV, #ToBiART, #Drawapicture, #drawapicture,  #, #, #, #rasmchizish, #, #drawdolls, #bolalaruchunrasmchizish, #, #drawingforchildren,',	'https://www.youtube.com/watch?v=Md0DNnJIcLo',	'Md0DNnJIcLo',	'2021-11-05 15:00:23',	'',	1311,	14,	76,	1,	'2021-11-05 16:56:42',	'2021-11-05 17:00:14'),
(23,	2,	'Bolalar uchun qulupnay rasm chizish/Drawing Strawberry for children/   ',	'#FunKeepArt, #BeTaiNangTV, #ToBiART, #Drawapicture, #drawapicture,  #, #, #, #rasmchizish, #, #drawdolls, #bolalaruchunrasmchizish, #, #drawingforchildren,',	'https://www.youtube.com/watch?v=r-ZOnRNYOBE',	'r-ZOnRNYOBE',	'2021-11-05 13:01:27',	'UCZnkDta6T_VYdOhms5Rtcyg/r-ZOnRNYOBE.jpg',	3273,	35,	76,	1,	'2021-11-05 17:01:42',	'2021-11-05 17:03:24'),
(24,	2,	'Bolalar uchun qurt rasm chizish / Drawing Worm for children /    ',	'#FunKeepArt, #BeTaiNangTV, #ToBiART, #Drawapicture, #drawapicture,  #, #, #, #rasmchizish, #, #drawdolls, #bolalaruchunrasmchizish, #, #drawingforchildren,',	'https://www.youtube.com/watch?v=GL-YuQlBuI8',	'GL-YuQlBuI8',	'2021-11-05 11:30:04',	'',	4087,	55,	54,	1,	'2021-11-05 17:01:42',	'2021-11-05 17:03:24'),
(25,	2,	'Bolalar uchun Ko''z rasm chizish/Drawing Eye for children/   ',	'#FunKeepArt, #BeTaiNangTV, #ToBiART, #Drawapicture, #drawapicture,  #, #, #, #rasmchizish, #, #drawdolls, #bolalaruchunrasmchizish, #, #drawingforchildren,',	'https://www.youtube.com/watch?v=m6SOClcIo4w',	'm6SOClcIo4w',	'2021-11-05 10:30:11',	'',	4667,	44,	85,	1,	'2021-11-05 17:01:42',	'2021-11-05 17:03:25'),
(26,	2,	'Lipstick glass drawing for kids   Bolalar uchun lab bo''yog''i oynak rasm chizish',	'#FunKeepArt, #BeTaiNangTV, #ToBiART, #Drawapicture, #drawapicture,  #, #, #, #rasmchizish, #, #drawdolls, #bolalaruchunrasmchizish, #, #drawingforchildren,',	'https://www.youtube.com/watch?v=I52w0AxcFrE',	'I52w0AxcFrE',	'2021-11-05 09:00:07',	'',	6147,	54,	98,	1,	'2021-11-05 17:01:42',	'2021-11-05 17:03:25'),
(27,	2,	'Bolalar uchun tort rasm chizish / How to draw a cake with kids song /     ',	'#FunKeepArt, #BeTaiNangTV, #ToBiART, #Drawapicture, #drawapicture,  #, #, #, #rasmchizish, #, #drawdolls, #bolalaruchunrasmchizish, #, #drawingforchildren,',	'https://www.youtube.com/watch?v=1iXBSJuirBE',	'1iXBSJuirBE',	'2021-11-05 07:30:00',	'',	4409,	38,	56,	1,	'2021-11-05 17:01:42',	'2021-11-05 17:03:26'),
(28,	2,	'Bolalar uchun balon chizish/Drawing Balloon for children/    ',	'#FunKeepArt, #BeTaiNangTV, #ToBiART, #Drawapicture, #drawapicture,  #, #, #, #rasmchizish, #, #drawdolls, #bolalaruchunrasmchizish, #, #drawingforchildren,',	'https://www.youtube.com/watch?v=qOAaSEG4fT8',	'qOAaSEG4fT8',	'2021-11-05 05:51:46',	'',	11802,	89,	62,	1,	'2021-11-05 17:01:42',	'2021-11-05 17:03:26'),
(36,	3,	'Bolalar Uchun baliq rasmini chizish /     / Drawing Fish for kids',	'Bolalar Uchun baliq rasmini chizish /     / Drawing Fish for kids

#FunKeepArt, #BeTaiNangTV, #ToBiART, #Drawapicture, #drawapicture,  #, #, #, #rasmchizish, #, #drawdolls, #bolalaruchunrasmchizish, #, #drawingforchildren, #Drawapicture, #drawapicture,  #, #, #, #rasmchizish, #, #drawdolls, #bolalaruchunrasmchizish, #, #drawingforchildren, #, #   #, # , #ocuklariinizim, #dessinpourenfants, #',	'https://www.youtube.com/watch?v=rlRsmBaEvOM',	'rlRsmBaEvOM',	'2021-11-05 17:00:37',	'UCS8nHBEMpPeaDcj6roORccg/rlRsmBaEvOM.jpg',	1,	3,	131,	1,	'2021-11-05 17:01:44',	'2021-11-05 17:03:29'),
(40,	3,	'Bolalar Uchun akula chizish / Drawing baby Shark for Kids song /      ',	'Bolalar Uchun akula chizish / Drawing baby Shark for Kids song /      

#FunKeepArt, #BeTaiNangTV, #ToBiART, #Drawapicture, #drawapicture,  #, #, #, #rasmchizish, #, #drawdolls, #bolalaruchunrasmchizish, #, #drawingforchildren, #, #   #, # , #ocuklariinizim, #dessinpourenfants, #
#Draw, #drawing, #drawpicture, #picture, #drawpicture, #drawdolls, #drawtoys, #drawtoys, #drawdolls, #drawpictureozbek, #drawpictureozbek, #cuteDraws, #cutedraws,
# #, # #, #, #rasm #chizish, # # #, # # #, #bolalar #uchun #rasm #chizish, # # #, #drawing #for #children, # # #, # ## # # # #, ## , #ocuklar #iin #izim, #dessin #pour #enfants, #
#Draw, #drawing, #drawpicture, #picture, #draw #picture, #draw #dolls, #draw #toys, #drawtoys, #drawdolls, #drawpictureozbek, #draw #picture #ozbek, #cute #Draws, #cute #draws #popit',	'https://www.youtube.com/watch?v=dztNRqKnWEk',	'dztNRqKnWEk',	'2021-11-05 05:30:03',	'UCS8nHBEMpPeaDcj6roORccg/dztNRqKnWEk.jpg',	20179,	188,	62,	1,	'2021-11-05 17:01:45',	'2021-11-05 17:03:32'),
(41,	3,	'Bolalar uchun gul rasm chizish / Drawing Flower for children /    ',	'Bolalar uchun gul rasm chizish / Drawing Flower for children /    

#, #, #, #rasmchizish, #, #drawdolls, #bolalaruchunrasmchizish, #, #drawingforchildren, #, # #, # , #ocuklariinizim, #dessinpourenfants, #
#Draw, #drawing, #drawpicture, #picture, #drawpicture, #drawdolls, #drawtoys, #drawtoys, #drawdolls, #drawpictureozbek, #drawpictureozbek, #cuteDraws, #cutedraws,
# #, # #, #, #rasm #chizish, # # #, # # #, #bolalar #uchun #rasm #chizish, # # #, #drawing #for #children, # # #, # # # # #, ## , #ocuklar #iin #izim, #dessin #pour #enfants, #
#Draw, #drawing, #drawpicture, #picture, #draw #picture, #draw #dolls, #draw #toys, #drawtoys, #drawdolls, #drawpictureozbek, #draw #picture #ozbek, #cute Draws, #cute draws, #FunKeepArt, #BeTaiNangTV, #ToBiART',	'https://www.youtube.com/watch?v=Hy_eOQnBCv0',	'Hy_eOQnBCv0',	'2021-11-05 03:00:04',	'UCS8nHBEMpPeaDcj6roORccg/Hy_eOQnBCv0.jpg',	83064,	722,	81,	1,	'2021-11-05 17:01:45',	'2021-11-05 17:03:33'),
(42,	3,	'Drawing an umbrella for children / bolalar uchun soyabon chizish /    ',	'Drawing an umbrella for children / bolalar uchun soyabon chizish /    

#, #, #, #rasmchizish, #, #drawdolls, #bolalaruchunrasmchizish, #, #drawingforchildren, #, # #, # , #ocuklariinizim, #dessinpourenfants, #
#Draw, #drawing, #drawpicture, #picture, #drawpicture, #drawdolls, #drawtoys, #drawtoys, #drawdolls, #drawpictureozbek, #drawpictureozbek, #cuteDraws, #cutedraws,
# #, # #, #, #rasm #chizish, # # #, # # #, #bolalar #uchun #rasm #chizish, # # #, #drawing #for #children, # # #, # # # # #, ## , #ocuklar #iin #izim, #dessin #pour #enfants, #
#Draw, #drawing, #drawpicture, #picture, #draw #picture, #draw #dolls, #draw #toys, #drawtoys, #drawdolls, #drawpictureozbek, #draw #picture #ozbek, #cute Draws, #cute draws, #FunKeepArt, #BeTaiNangTV, #ToBiART#drawluna',	'https://www.youtube.com/watch?v=AikAOZoNjTs',	'AikAOZoNjTs',	'2021-11-05 01:00:02',	'UCS8nHBEMpPeaDcj6roORccg/AikAOZoNjTs.jpg',	67606,	600,	75,	1,	'2021-11-05 17:01:45',	'2021-11-05 17:03:33'),
(22,	2,	'Bolalar uchun qo''l rasm chizish |    |Easy drawing for kids',	'#FunKeepArt, #BeTaiNangTV, #ToBiART, #Drawapicture, #drawapicture,  #, #, #, #rasmchizish, #, #drawdolls, #bolalaruchunrasmchizish, #, #drawingforchildren,',	'https://www.youtube.com/watch?v=InAogFru7cI',	'InAogFru7cI',	'2021-11-05 14:00:08',	'',	1321,	18,	69,	1,	'2021-11-05 17:00:15',	'2021-11-05 17:03:23'),
(44,	3,	'drawing a picture of fries for kids / Zeichne ein Bild von Pommes frites /    ',	'drawing a picture of fries for kids / Zeichne ein Bild von Pommes frites /    

#FunKeepArt, #BeTaiNangTV, #ToBiART, #Drawapicture, #drawapicture,  #, #, #, #rasmchizish, #, #drawdolls, #bolalaruchunrasmchizish, #, #drawingforchildren, #, #  ',	'https://www.youtube.com/watch?v=ouqvlOXvch4',	'ouqvlOXvch4',	'2021-11-04 15:55:15',	'UCS8nHBEMpPeaDcj6roORccg/ouqvlOXvch4.jpg',	28565,	255,	143,	1,	'2021-11-05 17:01:45',	'2021-11-05 17:03:34'),
(46,	3,	'drawing cake set for kids with kids song / bolalar uchun chizilgan tort majmui',	'drawing cake set for kids with kids song / bolalar uchun chizilgan tort majmui

#, #, #, #rasmchizish, #, #drawdolls, #bolalaruchunrasmchizish, #, #drawingforchildren, #, # #, # , #ocuklariinizim, #dessinpourenfants, #
#Draw, #drawing, #drawpicture, #picture, #drawpicture, #drawdolls, #drawtoys, #drawtoys, #drawdolls, #drawpictureozbek, #drawpictureozbek, #cuteDraws, #cutedraws,
# #, # #, #, #rasm #chizish, # # #, # # #, #bolalar #uchun #rasm #chizish, # # #, #drawing #for #children, # # #, # # # # #, ## , #ocuklar #iin #izim, #dessin #pour #enfants, #
#Draw, #drawing, #drawpicture, #picture, #draw #picture, #draw #dolls, #draw #toys, #drawtoys, #drawdolls, #drawpictureozbek, #draw #picture #ozbek, #cute Draws, #cute draws, #FunKeepArt, #BeTaiNangTV, #ToBiART',	'https://www.youtube.com/watch?v=xedqKk2g9PY',	'xedqKk2g9PY',	'2021-11-04 07:00:30',	'UCS8nHBEMpPeaDcj6roORccg/xedqKk2g9PY.jpg',	70040,	683,	126,	1,	'2021-11-05 17:01:45',	'2021-11-05 17:03:35'),
(47,	3,	'How to Draw shoes for Kids | Bolalar Uchun oson rasm chizish |    ',	'How to Draw shoes for Kids | Bolalar Uchun oson rasm chizish |    

#FunKeepArt, #BeTaiNangTV, #ToBiART, #Drawapicture, #drawapicture,  #, #, #, #rasmchizish, #, #drawdolls, #bolalaruchunrasmchizish, #, #drawingforchildren, #, #   #, # , #ocuklariinizim, #dessinpourenfants, #
#Draw, #drawing, #drawpicture, #picture, #drawpicture, #drawdolls, #drawtoys, #drawtoys, #drawdolls, #drawpictureozbek, #drawpictureozbek, #cuteDraws, #cutedraws,
# #, # #, #, #rasm #chizish, # # #, # # #, #bolalar #uchun #rasm #chizish, # # #, #drawing #for #children, # # #, # ## # # # #, ## , #ocuklar #iin #izim, #dessin #pour #enfants, #
#Draw, #drawing, #drawpicture, #picture, #draw #picture, #draw #dolls, #draw #toys, #drawtoys, #drawdolls, #drawpictureozbek, #draw #picture #ozbek, #cute #Draws, #cute #draws,',	'https://www.youtube.com/watch?v=oplK-c5GTLU',	'oplK-c5GTLU',	'2021-11-04 05:00:13',	'UCS8nHBEMpPeaDcj6roORccg/oplK-c5GTLU.jpg',	103674,	899,	61,	1,	'2021-11-05 17:01:46',	'2021-11-05 17:03:36'),
(39,	3,	'Bolalar uchun kema chizish / Drawing Ship with kids song /    ',	'Bolalar uchun kema chizish / Drawing Ship with kids song /    

#FunKeepArt, #BeTaiNangTV, #ToBiART, #Drawapicture, #drawapicture,  #, #, #, #rasmchizish, #, #drawdolls, #bolalaruchunrasmchizish, #, #drawingforchildren, #, #   #, # , #ocuklariinizim, #dessinpourenfants, #
#Draw, #drawing, #drawpicture, #picture, #drawpicture, #drawdolls, #drawtoys, #drawtoys, #drawdolls, #drawpictureozbek, #drawpictureozbek, #cuteDraws, #cutedraws,
# #, # #, #, #rasm #chizish, # # #, # # #, #bolalar #uchun #rasm #chizish, # # #, #drawing #for #children, # # #, # ## # # # #, ## , #ocuklar #iin #izim, #dessin #pour #enfants, #
#Draw, #drawing, #drawpicture, #picture, #draw #picture, #draw #dolls, #draw #toys, #drawtoys, #drawdolls, #drawpictureozbek, #draw #picture #ozbek, #cute #Draws, #cute #draws,',	'https://www.youtube.com/watch?v=KEV-9Yuz-ks',	'KEV-9Yuz-ks',	'2021-11-05 09:30:02',	'UCS8nHBEMpPeaDcj6roORccg/KEV-9Yuz-ks.jpg',	5309,	37,	87,	1,	'2021-11-05 17:01:44',	'2021-11-05 17:03:32'),
(43,	3,	'Draw a Picture of a Cup/  /Dessiner une image d''une tasse/ ',	'Draw a Picture of a Cup/  /Dessiner une image d''une tasse/ 

#FunKeepArt, #BeTaiNangTV, #ToBiART, #Drawapicture, #drawapicture,  #, #, #, #rasmchizish, #, #drawdolls, #bolalaruchunrasmchizish, #, #drawingforchildren, #, #   #, # , #ocuklariinizim, #dessinpourenfants, #
#Draw, #drawing, #drawpicture, #picture, #drawpicture, #drawdolls, #drawtoys, #drawtoys, #drawdolls, #drawpictureozbek, #drawpictureozbek, #cuteDraws, #cutedraws,
# #, # #, #, #rasm #chizish, # # #, # # #, #bolalar #uchun #rasm #chizish, # # #, #drawing #for #children, # # #, # ## # # # #, ## , #ocuklar #iin #izim, #dessin #pour #enfants, #
#Draw, #drawing, #drawpicture, #picture, #draw #picture, #draw #dolls, #draw #toys, #drawtoys, #drawdolls, #drawpictureozbek, #draw #picture #ozbek, #cute #Draws, #cute #draws,',	'https://www.youtube.com/watch?v=kwIlEuYY07o',	'kwIlEuYY07o',	'2021-11-04 17:20:30',	'UCS8nHBEMpPeaDcj6roORccg/kwIlEuYY07o.jpg',	40743,	379,	117,	1,	'2021-11-05 17:01:45',	'2021-11-05 17:03:34'),
(45,	3,	'Drawing a picture of kitchen appliances| ein Bild von Kchengerten zeichnen|    ',	'Drawing a picture of kitchen appliances| ein Bild von Kchengerten zeichnen|    

#FunKeepArt, #BeTaiNangTV, #ToBiART, #Drawapicture, #drawapicture,  #, #, #, #rasmchizish, #, #drawdolls, #bolalaruchunrasmchizish, #, #drawingforchildren, #, #   #, # , #ocuklariinizim, #dessinpourenfants, #
#Draw, #drawing, #drawpicture, #picture, #drawpicture, #drawdolls, #drawtoys, #drawtoys, #drawdolls, #drawpictureozbek, #drawpictureozbek, #cuteDraws, #cutedraws,
# #, # #, #, #rasm #chizish, # # #, # # #, #bolalar #uchun #rasm #chizish, # # #, #drawing #for #children, # # #, # ## # # # #, ## , #ocuklar #iin #izim, #dessin #pour #enfants, #
#Draw, #drawing, #drawpicture, #picture, #draw #picture, #draw #dolls, #draw #toys, #drawtoys, #drawdolls, #drawpictureozbek, #draw #picture #ozbek, #cute #Draws, #cute #draws,',	'https://www.youtube.com/watch?v=TxR_iUbGp3c',	'TxR_iUbGp3c',	'2021-11-04 11:13:51',	'UCS8nHBEMpPeaDcj6roORccg/TxR_iUbGp3c.jpg',	123991,	1091,	105,	1,	'2021-11-05 17:01:45',	'2021-11-05 17:03:35'),
(49,	3,	'Bolalar uchun akula chizish / Drawing Baby Shark for Kids Song /    ',	'Bolalar uchun akula chizish / Drawing Baby Shark for Kids Song /    

#FunKeepArt, #BeTaiNangTV, #ToBiART, #Drawapicture, #drawapicture,  #, #, #, #rasmchizish, #, #drawdolls, #bolalaruchunrasmchizish, #, #drawingforchildren, #, #   #, # , #ocuklariinizim, #dessinpourenfants, #
#Draw, #drawing, #drawpicture, #picture, #drawpicture, #drawdolls, #drawtoys, #drawtoys, #drawdolls, #drawpictureozbek, #drawpictureozbek, #cuteDraws, #cutedraws,
# #, # #, #, #rasm #chizish, # # #, # # #, #bolalar #uchun #rasm #chizish, # # #, #drawing #for #children, # # #, # ## # # # #, ## , #ocuklar #iin #izim, #dessin #pour #enfants, #
#Draw, #drawing, #drawpicture, #picture, #draw #picture, #draw #dolls, #draw #toys, #drawtoys, #drawdolls, #drawpictureozbek, #draw #picture #ozbek, #cute #Draws, #cute #draws #popit',	'https://www.youtube.com/watch?v=Jcj19NmhrEE',	'Jcj19NmhrEE',	'2021-11-04 01:00:03',	'UCS8nHBEMpPeaDcj6roORccg/Jcj19NmhrEE.jpg',	74019,	781,	92,	1,	'2021-11-05 17:01:46',	'2021-11-05 17:03:37');

ALTER TABLE ONLY "public"."change_logs" ADD CONSTRAINT "change_logs_channel_id_foreign" FOREIGN KEY (channel_id) REFERENCES channels(id) ON DELETE CASCADE NOT DEFERRABLE;
ALTER TABLE ONLY "public"."change_logs" ADD CONSTRAINT "change_logs_video_id_foreign" FOREIGN KEY (video_id) REFERENCES videos(id) ON DELETE CASCADE NOT DEFERRABLE;

ALTER TABLE ONLY "public"."history_data_channels" ADD CONSTRAINT "history_data_channels_channel_id_foreign" FOREIGN KEY (channel_id) REFERENCES channels(id) ON DELETE CASCADE NOT DEFERRABLE;

ALTER TABLE ONLY "public"."history_data_videos" ADD CONSTRAINT "history_data_videos_channel_id_foreign" FOREIGN KEY (channel_id) REFERENCES channels(id) ON DELETE CASCADE NOT DEFERRABLE;
ALTER TABLE ONLY "public"."history_data_videos" ADD CONSTRAINT "history_data_videos_video_id_foreign" FOREIGN KEY (video_id) REFERENCES videos(id) ON DELETE CASCADE NOT DEFERRABLE;

ALTER TABLE ONLY "public"."video_previews" ADD CONSTRAINT "video_previews_channel_id_foreign" FOREIGN KEY (channel_id) REFERENCES channels(id) ON DELETE CASCADE NOT DEFERRABLE;
ALTER TABLE ONLY "public"."video_previews" ADD CONSTRAINT "video_previews_video_id_foreign" FOREIGN KEY (video_id) REFERENCES videos(id) ON DELETE CASCADE NOT DEFERRABLE;

ALTER TABLE ONLY "public"."videos" ADD CONSTRAINT "videos_channel_id_foreign" FOREIGN KEY (channel_id) REFERENCES channels(id) ON DELETE CASCADE NOT DEFERRABLE;

-- 2021-11-05 18:03:39.724298+00
